Rk,Player,Tm,FantPos,Age,G,GS,Cmp,Att,Yds,TD,Int,Att,Yds,Y/A,TD,Tgt,Rec,Yds,Y/R,TD,Fmb,FL,TD,2PM,2PP,FantPt,PPR,DKPt,FDPt,VBD,PosRank,OvRank
1,Alvin Kamara\KamaAl00,NOR,RB,25,5,4,0.00,0.00,0.00,0.00,0.00,12.2,56.2,4.61,0.80,9.00,7.60,79.0,10.39,0.60,0.00,0.00,1.40,,,22.0,29.5,153.6,25.7,12.0,0.20,0.20
2,Russell Wilson\WilsRu00,SEA,QB,32,5,5,24.6,33.8,300.4,3.80,0.60,4.60,30.6,6.65,0.00,0.00,0.00,0.00,,0.00,0.20,0.00,0.00,,0.20,29.4,29.5,156.4,30.1,10.4,0.20,0.40
3,Dalvin Cook\CookDa01,MIN,RB,25,5,5,0.00,0.00,0.00,0.00,0.00,18.4,97.8,5.32,1.40,3.20,2.40,12.8,5.33,0.00,0.20,0.20,1.40,0.60,,20.2,22.7,117.3,21.5,10.4,0.40,0.60
4,Patrick Mahomes\MahoPa00,KAN,QB,25,5,5,24.6,38.6,294.8,2.60,0.20,4.80,25.8,5.38,0.40,0.00,0.00,0.00,,0.00,0.00,0.00,0.40,,0.40,27.6,27.6,144.9,27.8,8.60,0.40,0.80
5,Josh Allen\AlleJo02,BUF,QB,24,5,5,26.2,37.8,317.8,2.80,0.60,5.80,20.2,3.48,0.60,0.00,0.00,0.00,,0.00,0.60,0.60,0.60,,,27.2,27.1,147.7,27.7,8.20,0.60,1.00
6,Dak Prescott\PresDa01,DAL,QB,27,5,5,30.2,44.4,371.2,1.80,0.80,3.60,18.6,5.17,0.60,0.20,0.20,2.20,11.00,0.20,0.60,0.60,0.80,0.20,0.20,27.0,27.1,145.6,27.8,8.00,0.80,1.20
7,D.K. Metcalf\MetcDK00,SEA,WR,23,5,5,0.00,0.00,0.00,0.00,0.00,0.00,0.00,,0.00,7.80,4.40,99.2,22.55,1.00,0.20,0.20,1.00,,,15.6,19.9,103.6,17.7,7.80,0.20,1.40
8,Ezekiel Elliott\ElliEz00,DAL,RB,25,5,5,0.00,0.00,0.00,0.00,0.00,17.8,72.8,4.09,1.00,6.40,4.80,34.6,7.21,0.20,0.60,0.40,1.20,0.20,,17.6,22.3,119.7,19.9,7.60,0.60,1.60
9,Aaron Jones\JoneAa00,GNB,RB,26,4,4,0.00,0.00,0.00,0.00,0.00,16.3,93.5,5.75,1.00,5.75,3.75,33.8,9.00,0.50,0.25,0.00,1.50,,,21.8,25.5,107.9,23.6,9.25,1.00,2.25
10,Adam Thielen\ThieAd00,MIN,WR,30,5,5,0.00,0.00,0.00,0.00,0.00,0.60,3.00,5.00,0.00,8.80,5.80,72.8,12.55,1.20,0.00,0.00,1.20,0.20,,15.2,21.0,107.9,18.1,7.40,0.40,2.00
11,Kyler Murray\MurrKy00,ARI,QB,23,5,5,25.2,36.2,259.8,1.60,1.20,8.20,59.2,7.22,1.00,0.00,0.00,0.00,,0.00,0.20,0.20,1.00,,,26.0,25.9,142.6,27.1,6.80,1.00,2.20
12,Calvin Ridley\RidlCa00,ATL,WR,26,5,5,0.00,0.00,0.00,0.00,0.00,0.40,1.20,3.00,0.00,10.0,5.80,97.0,16.72,0.80,0.00,0.00,0.80,,,14.6,20.4,105.1,17.5,6.80,0.60,2.40
13,Tyreek Hill\HillTy00,KAN,WR,26,5,5,0.00,0.00,0.00,0.00,0.00,1.20,9.80,8.17,0.20,7.00,4.40,72.8,16.55,0.80,0.20,0.00,1.00,,,14.2,18.7,96.3,16.5,6.40,0.80,2.60
14,Chris Carson\CarsCh00,SEA,RB,26,5,5,0.00,0.00,0.00,0.00,0.00,12.2,57.8,4.74,0.60,4.60,4.20,28.0,6.67,0.60,0.20,0.00,1.20,,,15.8,20.0,105.9,17.9,5.80,1.00,2.80
15,Kareem Hunt\HuntKa00,CLE,RB,25,5,1,0.00,0.00,0.00,0.00,0.00,14.0,69.4,4.96,0.60,3.00,2.20,12.6,5.73,0.60,0.20,0.00,1.20,,,15.4,17.6,91.0,16.5,5.60,1.20,3.00
16,Josh Jacobs\JacoJo01,LVR,RB,22,5,5,0.00,0.00,0.00,0.00,0.00,21.2,75.4,3.56,1.00,4.00,3.00,21.6,7.20,0.00,0.20,0.20,1.00,,,15.4,18.3,98.5,16.8,5.40,1.40,3.20
17,Travis Kelce\KelcTr00,KAN,TE,31,5,5,0.00,0.00,0.00,0.00,0.00,0.00,0.00,,0.00,9.20,6.40,81.0,12.66,0.60,0.00,0.00,0.60,,,11.8,18.1,93.5,14.9,5.20,0.20,3.40
18,DeAndre Hopkins\HopkDe00,ARI,WR,28,5,5,0.00,0.00,0.00,0.00,0.00,0.00,0.00,,0.00,10.6,9.00,105.6,11.73,0.40,0.00,0.00,0.40,,,13.0,22.0,112.8,17.5,5.20,1.00,3.60
19,Mike Evans\EvanMi00,TAM,WR,27,5,5,0.00,0.00,0.00,0.00,0.00,0.00,0.00,,0.00,7.00,4.40,54.2,12.32,1.20,0.00,0.00,1.20,,,12.6,17.0,88.1,14.8,4.80,1.20,3.80
20,Stefon Diggs\DiggSt00,BUF,WR,27,5,5,0.00,0.00,0.00,0.00,0.00,0.00,0.00,,0.00,10.2,7.20,101.8,14.14,0.40,0.00,0.00,0.40,,,12.6,19.8,101.9,16.2,4.80,1.40,4.00
21,Odell Beckham Jr.\BeckOd00,CLE,WR,28,5,5,0.20,0.20,3.60,0.00,0.00,0.60,14.4,24.00,0.20,7.80,4.20,58.8,14.00,0.60,0.00,0.00,0.80,,,12.2,16.5,85.3,14.4,4.40,1.60,4.20
22,Todd Gurley\GurlTo01,ATL,RB,26,5,5,0.00,0.00,0.00,0.00,0.00,15.8,75.0,4.75,1.00,2.60,1.60,7.60,4.75,0.00,0.20,0.00,1.00,,,14.2,15.9,82.3,15.1,4.40,1.60,4.40
23,Mark Andrews\AndrMa00,BAL,TE,24,5,1,0.00,0.00,0.00,0.00,0.00,0.00,0.00,,0.00,5.80,3.60,44.4,12.33,1.00,0.20,0.00,1.00,,,10.4,14.0,73.2,12.2,4.00,0.40,4.60
24,Jonnu Smith\SmitJo01,TEN,TE,25,4,4,0.00,0.00,0.00,0.00,0.00,0.00,0.00,,0.00,6.75,4.50,55.3,12.28,1.25,0.00,0.00,1.25,,,13.0,17.5,73.1,15.3,5.00,0.75,6.00
25,Tyler Lockett\LockTy00,SEA,WR,28,5,5,0.00,0.00,0.00,0.00,0.00,0.00,0.00,,0.00,7.60,6.00,68.4,11.40,0.80,0.00,0.00,0.80,,,11.6,17.6,91.2,14.6,3.80,1.80,5.00
26,Chase Claypool\ClayCh01,PIT,WR,22,4,1,0.00,0.00,0.00,0.00,0.00,1.00,3.50,3.50,0.25,5.00,3.25,65.3,20.08,1.00,0.25,0.00,1.25,,,14.5,17.6,73.5,16.0,4.50,2.50,6.50
27,James Robinson\RobiJa00,JAX,RB,22,5,5,0.00,0.00,0.00,0.00,0.00,14.6,66.6,4.56,0.60,4.40,3.80,36.6,9.63,0.00,0.20,0.20,0.60,,,13.6,17.3,93.6,15.4,3.60,1.80,5.40
28,CeeDee Lamb\LambCe00,DAL,WR,21,5,5,0.00,0.00,0.00,0.00,0.00,0.60,2.60,4.33,0.00,8.00,5.80,86.6,14.93,0.40,0.00,0.00,0.40,,,11.4,17.1,88.6,14.2,3.60,2.20,5.60
29,Joe Mixon\MixoJo00,CIN,RB,24,5,5,0.00,0.00,0.00,0.00,0.00,20.2,74.8,3.70,0.40,4.60,3.80,24.6,6.47,0.20,0.20,0.20,0.60,,,13.2,16.9,91.7,15.0,3.20,2.00,5.80
30,Robby Anderson\AndeRo04,CAR,WR,27,5,5,0.00,0.00,0.00,0.00,0.00,0.20,0.60,3.00,0.00,9.40,7.20,97.8,13.58,0.20,0.20,0.20,0.20,0.20,,11.0,18.2,95.2,14.6,3.20,2.40,6.00
31,Robert Woods\WoodRo02,LAR,WR,28,5,5,0.00,0.00,0.00,0.00,0.00,1.60,13.0,8.13,0.20,6.20,4.60,60.0,13.04,0.40,0.20,0.00,0.60,,,11.0,15.5,80.5,13.2,3.00,2.60,6.20
32,Derrick Henry\HenrDe00,TEN,RB,26,4,4,0.00,0.00,0.00,0.00,0.00,25.3,94.0,3.72,1.00,2.50,1.50,8.00,5.33,0.00,0.00,0.00,1.00,,,16.3,17.7,73.8,16.9,3.75,2.75,8.00
33,Allen Robinson\RobiAl02,CHI,WR,27,5,5,0.00,0.00,0.00,0.00,0.00,0.20,-0.20,-1.00,0.00,11.4,7.00,84.2,12.03,0.40,0.00,0.00,0.40,,,10.8,17.8,92.0,14.3,3.00,2.80,6.60
34,Robert Tonyan\TonyRo00,GNB,TE,26,4,3,0.00,0.00,0.00,0.00,0.00,0.00,0.00,,0.00,3.50,3.25,43.3,13.31,1.25,0.00,0.00,1.25,,,11.8,15.1,63.3,13.4,3.75,1.00,8.50
35,Will Fuller\FullWi01,HOU,WR,26,5,5,0.00,0.00,0.00,0.00,0.00,0.20,0.00,0.00,0.00,6.00,4.40,66.4,15.09,0.60,0.00,0.00,0.60,,,10.2,14.6,76.2,12.4,2.40,3.00,7.00
36,Mike Davis\DaviMi01,CAR,RB,27,5,3,0.00,0.00,0.00,0.00,0.00,9.20,44.0,4.78,0.20,6.60,6.00,41.2,6.87,0.40,0.00,0.00,0.60,,,12.2,18.1,96.6,15.1,2.20,2.40,7.20
37,Amari Cooper\CoopAm00,DAL,WR,26,5,5,0.00,0.00,0.00,0.00,0.00,0.20,-0.40,-2.00,0.00,11.0,7.80,84.8,10.87,0.20,0.00,0.00,0.20,0.20,,10.0,17.8,92.2,13.9,2.20,3.20,7.40
38,Jonathan Taylor\TaylJo02,IND,RB,21,5,4,0.00,0.00,0.00,0.00,0.00,15.4,61.4,3.99,0.60,2.60,2.40,21.4,8.92,0.00,0.00,0.00,0.60,,,11.8,14.3,77.4,13.1,2.00,2.60,7.60
39,Darrell Henderson\HendDa00,LAR,RB,23,5,3,0.00,0.00,0.00,0.00,0.00,11.6,52.0,4.48,0.60,2.20,1.40,18.4,13.14,0.20,0.00,0.00,0.80,,,11.8,13.2,69.2,12.5,2.00,2.80,7.80
40,Cooper Kupp\KuppCo00,LAR,WR,27,5,4,0.00,0.00,0.00,0.00,0.00,0.60,3.40,5.67,0.00,7.20,5.60,72.6,12.96,0.40,0.20,0.20,0.40,,,9.60,15.2,80.0,12.4,1.80,3.40,8.00
41,Terry McLaurin\McLaTe00,WAS,WR,25,5,5,0.00,0.00,0.00,0.00,0.00,0.20,0.60,3.00,0.00,9.20,5.80,82.6,14.24,0.20,0.00,0.00,0.20,,,9.60,15.3,79.6,12.4,1.80,3.60,8.20
42,Jimmy Graham\GrahJi00,CHI,TE,34,5,5,0.00,0.00,0.00,0.00,0.00,0.00,0.00,,0.00,5.60,3.40,33.8,9.94,0.80,0.20,0.00,0.80,,,8.20,11.6,60.9,9.88,1.60,1.00,8.40
43,Aaron Rodgers\RodgAa00,GNB,QB,37,4,4,24.5,34.8,303.5,3.25,0.00,1.50,7.75,5.17,0.00,0.25,0.25,-1.50,-6.00,0.00,0.00,0.00,0.00,,,25.8,26.0,107.1,25.9,2.00,1.50,10.8
44,Miles Sanders\SandMi01,PHI,RB,23,4,4,0.00,0.00,0.00,0.00,0.00,15.5,79.0,5.10,0.75,5.75,2.75,24.3,8.82,0.00,0.25,0.25,0.75,,,14.3,17.1,72.3,15.7,2.00,3.75,11.0
45,Clyde Edwards-Helaire\EdwaCl00,KAN,RB,21,5,5,0.00,0.00,0.00,0.00,0.00,16.2,68.8,4.25,0.20,5.40,3.40,33.8,9.94,0.00,0.00,0.00,0.20,,,11.4,14.9,80.3,13.2,1.60,3.20,9.00
46,Ryan Fitzpatrick\FitzRy00,MIA,QB,38,5,5,24.0,34.0,268.8,1.40,1.00,4.80,26.2,5.46,0.40,0.20,0.20,0.00,0.00,0.00,0.20,0.00,0.40,0.20,0.40,20.6,20.8,114.9,21.7,1.60,1.40,9.20
47,Nick Chubb\ChubNi00,CLE,RB,25,4,4,0.00,0.00,0.00,0.00,0.00,14.3,83.8,5.88,1.00,0.75,0.75,4.25,5.67,0.00,0.25,0.25,1.00,,,14.3,15.1,64.2,14.7,2.00,4.25,11.8
48,Mike Gesicki\GesiMi00,MIA,TE,25,5,3,0.00,0.00,0.00,0.00,0.00,0.00,0.00,,0.00,5.60,3.60,56.2,15.61,0.40,0.00,0.00,0.40,,,8.00,11.6,61.1,9.82,1.60,1.20,9.60
49,Darius Slayton\SlayDa01,NYG,WR,23,5,4,0.00,0.00,0.00,0.00,0.00,0.00,0.00,,0.00,8.00,4.60,73.0,15.87,0.40,0.20,0.20,0.40,,,9.40,13.9,73.5,11.6,1.40,3.80,9.80
50,Darren Waller\WallDa01,LVR,TE,28,5,4,0.00,0.00,0.00,0.00,0.00,0.00,0.00,,0.00,9.40,6.80,59.0,8.68,0.40,0.20,0.20,0.40,,,8.00,14.7,77.5,11.3,1.40,1.40,10.0
51,Keenan Allen\AlleKe00,LAC,WR,28,5,5,0.00,0.00,0.00,0.00,0.00,0.00,0.00,,0.00,10.0,6.80,71.2,10.47,0.40,0.40,0.20,0.40,,,9.20,15.9,83.6,12.5,1.40,4.00,10.2
52,Jamison Crowder\CrowJa00,NYJ,WR,27,3,3,0.00,0.00,0.00,0.00,0.00,0.00,0.00,,0.00,11.0,7.33,111.7,15.23,0.67,0.00,0.00,0.67,,,15.3,22.5,70.5,18.8,2.00,7.00,17.3
53,DeVante Parker\ParkDe01,MIA,WR,27,5,5,0.00,0.00,0.00,0.00,0.00,0.00,0.00,,0.00,6.40,5.20,65.8,12.65,0.40,0.00,0.00,0.40,,,9.00,14.2,73.9,11.6,1.20,4.40,10.6
54,Melvin Gordon\GordMe00,DEN,RB,27,4,4,0.00,0.00,0.00,0.00,0.00,16.3,70.3,4.32,0.75,3.75,2.75,11.3,4.09,0.25,0.25,0.25,1.00,,,13.8,16.4,69.6,15.0,1.25,4.50,13.5
55,D.J. Moore\MoorD.00,CAR,WR,23,5,5,0.00,0.00,0.00,0.00,0.00,0.00,0.00,,0.00,7.40,4.40,76.2,17.32,0.20,0.00,0.00,0.20,,,8.80,13.2,69.1,11.0,1.00,4.60,11.0
56,Tom Brady\BradTo00,TAM,QB,43,5,5,25.2,39.2,275.0,2.40,0.80,3.00,1.20,0.40,0.20,0.00,0.00,0.00,,0.00,0.80,0.20,0.20,,,20.0,19.9,107.6,20.7,1.00,1.60,11.2
57,Jerick McKinnon\McKiJe00,SFO,RB,28,5,2,0.00,0.00,0.00,0.00,0.00,7.00,38.6,5.51,0.60,4.40,3.00,21.4,7.13,0.20,0.00,0.00,0.80,,,10.8,13.8,75.0,12.3,1.00,3.80,11.4
58,Tyler Higbee\HigbTy00,LAR,TE,27,5,5,0.00,0.00,0.00,0.00,0.00,0.00,0.00,,0.00,3.40,3.00,33.2,11.07,0.60,0.00,0.00,0.60,0.20,,7.40,10.3,54.6,8.82,0.80,1.60,11.6
59,Justin Jefferson\JeffJu00,MIN,WR,21,5,3,0.00,0.00,0.00,0.00,0.00,0.00,0.00,,0.00,5.00,3.80,74.2,19.53,0.20,0.00,0.00,0.20,,,8.60,12.4,65.1,10.5,0.80,4.80,11.8
60,James Conner\ConnJa00,PIT,RB,25,4,3,0.00,0.00,0.00,0.00,0.00,13.8,67.0,4.87,0.75,3.50,2.75,20.5,7.45,0.00,0.00,0.00,0.75,,,13.3,16.0,67.0,14.6,1.00,5.00,15.0
61,Tyler Boyd\BoydTy00,CIN,WR,26,5,4,0.00,0.00,0.00,0.00,0.00,0.20,0.80,4.00,0.00,8.00,6.40,72.4,11.31,0.20,0.00,0.00,0.20,,,8.60,14.9,77.6,11.7,0.80,5.00,12.2
62,Noah Fant\FantNo00,DEN,TE,23,4,4,0.00,0.00,0.00,0.00,0.00,0.00,0.00,,0.00,6.75,4.75,54.8,11.53,0.50,0.00,0.00,0.50,0.25,,9.00,13.7,57.9,11.3,0.75,2.25,15.5
63,Emmanuel Sanders\SandEm00,NOR,WR,33,5,2,0.00,0.00,0.00,0.00,0.00,0.00,0.00,,0.00,7.20,5.20,60.8,11.69,0.40,0.20,0.00,0.40,,,8.40,13.7,71.4,11.1,0.60,5.20,12.6
64,Deshaun Watson\WatsDe00,HOU,QB,25,5,5,21.8,32.6,290.2,1.80,1.00,3.80,16.6,4.37,0.20,0.00,0.00,0.00,,0.00,0.40,0.00,0.20,,,19.6,19.7,106.3,20.7,0.60,1.80,12.8
65,Jared Goff\GoffJa00,LAR,QB,26,5,5,21.8,30.4,274.4,1.60,0.60,3.80,5.80,1.53,0.40,0.00,0.00,0.00,,0.00,0.20,0.00,0.40,,0.20,19.6,19.6,103.8,20.2,0.60,2.00,13.0
66,Lamar Jackson\JackLa00,BAL,QB,23,5,5,17.2,27.0,189.8,1.80,0.40,8.20,47.6,5.80,0.20,0.00,0.00,0.00,,0.00,0.60,0.20,0.20,,,19.6,19.6,106.8,20.0,0.60,2.20,13.2
67,David Johnson\JohnDa08,HOU,RB,29,5,5,0.00,0.00,0.00,0.00,0.00,13.6,58.6,4.31,0.40,3.60,2.20,21.4,9.73,0.00,0.00,0.00,0.40,,,10.4,12.6,69.0,11.5,0.60,4.20,13.4
68,George Kittle\KittGe00,SFO,TE,27,3,3,0.00,0.00,0.00,0.00,0.00,0.67,5.67,8.50,0.00,9.33,7.67,90.3,11.78,0.33,0.00,0.00,0.33,,,11.7,19.3,60.8,15.4,0.67,3.33,22.7
69,Michael Gallup\GallMi00,DAL,WR,24,5,5,0.00,0.00,0.00,0.00,0.00,0.00,0.00,,0.00,5.60,3.40,69.6,20.47,0.20,0.00,0.00,0.20,,,8.20,11.6,60.8,9.86,0.40,5.40,13.8
70,David Montgomery\MontDa01,CHI,RB,23,5,5,0.00,0.00,0.00,0.00,0.00,12.6,49.4,3.92,0.20,4.60,3.20,24.8,7.75,0.20,0.00,0.00,0.40,0.20,,10.2,13.4,73.1,11.8,0.40,4.40,14.0
71,Keelan Cole\ColeKe00,JAX,WR,27,5,1,0.00,0.00,0.00,0.00,0.00,0.20,0.40,2.00,0.00,5.80,4.20,43.8,10.43,0.60,0.00,0.00,0.60,,,8.00,12.2,64.1,10.1,0.20,5.60,14.2
72,DJ Chark\CharDJ00,JAX,WR,24,4,4,0.00,0.00,0.00,0.00,0.00,0.00,0.00,,0.00,5.00,4.50,55.0,12.22,0.75,0.00,0.00,0.75,,,10.0,14.5,61.0,12.3,0.25,7.25,18.0
73,Hunter Henry\HenrHu00,LAC,TE,26,5,5,0.00,0.00,0.00,0.00,0.00,0.00,0.00,,0.00,7.00,4.40,53.6,12.18,0.20,0.00,0.00,0.20,,,6.60,11.0,57.8,8.76,,2.20,14.6
74,Raheem Mostert\MostRa00,SFO,RB,28,3,3,0.00,0.00,0.00,0.00,0.00,11.3,79.3,7.00,0.33,3.33,3.00,46.3,15.44,0.33,0.00,0.00,0.67,,,16.7,19.6,64.7,18.1,,7.67,24.7
75,Antonio Gibson\GibsAn00,WAS,RB,22,5,3,0.00,0.00,0.00,0.00,0.00,11.0,42.6,3.87,0.60,3.40,3.00,24.4,8.13,0.00,0.20,0.20,0.60,,,10.0,12.9,71.5,11.4,,5.00,15.0
76,Dalton Schultz\SchuDa00,DAL,TE,24,5,3,0.00,0.00,0.00,0.00,0.00,0.00,0.00,,0.00,6.20,3.80,45.0,11.84,0.40,0.20,0.20,0.40,,,6.60,10.3,55.5,8.40,,2.40,15.2
77,Ronald Jones II\JoneRo01,TAM,RB,23,5,5,0.00,0.00,0.00,0.00,0.00,14.8,71.8,4.85,0.20,4.60,3.00,15.2,5.07,0.00,0.00,0.00,0.20,,,10.0,12.9,67.5,11.4,,4.80,15.4
78,Allen Lazard\LazaAl00,GNB,WR,25,3,3,0.00,0.00,0.00,0.00,0.00,0.67,5.67,8.50,0.00,5.67,4.33,84.7,19.54,0.67,0.00,0.00,0.67,,,13.0,17.4,55.1,15.2,,10.0,26.0
79,Derek Carr\CarrDe02,LVR,QB,29,5,5,25.6,35.0,288.4,2.20,0.20,2.60,6.80,2.62,0.00,0.00,0.00,0.00,,0.00,1.00,0.80,0.00,,,19.0,19.0,103.1,19.2,,2.40,
80,Gardner Minshew II\MinsGa00,JAX,QB,24,5,5,27.4,39.2,287.8,2.00,0.80,3.60,17.4,4.83,0.00,0.00,0.00,0.00,,0.00,0.60,0.40,0.00,,,18.8,18.9,103.3,19.7,,2.60,
81,Teddy Bridgewater\BridTe00,CAR,QB,28,5,5,26.0,35.6,292.0,1.20,0.60,3.00,14.6,4.87,0.20,0.00,0.00,0.00,,0.00,0.20,0.20,0.20,,0.20,18.0,17.9,96.7,18.5,,2.80,
82,Drew Brees\BreeDr00,NOR,QB,41,5,5,25.0,35.2,266.2,1.80,0.60,1.20,-0.40,-0.33,0.20,0.00,0.00,0.00,,0.00,0.20,0.00,0.20,,,17.8,17.8,95.0,18.4,,3.00,
83,Ryan Tannehill\TannRy00,TEN,QB,32,4,4,22.8,33.0,251.0,2.25,0.25,3.75,19.3,5.13,0.25,0.25,0.25,0.00,0.00,0.00,0.50,0.00,0.25,,,22.0,22.2,92.9,22.4,,4.00,
84,Justin Herbert\HerbJu00,LAC,QB,22,4,4,24.3,35.3,298.8,2.25,0.75,4.00,13.8,3.44,0.25,0.00,0.00,0.00,,0.00,0.75,0.25,0.25,,,21.8,21.8,94.3,22.6,,4.25,
85,Carson Wentz\WentCa00,PHI,QB,28,5,5,23.4,39.0,237.6,1.20,1.80,4.60,24.4,5.30,0.60,0.00,0.00,0.00,,0.00,0.80,0.20,0.60,,0.40,17.2,17.1,101.7,18.9,,3.60,
86,Matt Ryan\RyanMa00,ATL,QB,35,5,5,25.8,40.8,294.4,1.40,0.60,1.80,4.60,2.56,0.00,0.00,0.00,0.00,,0.00,0.20,0.00,0.00,,,16.6,16.6,89.2,17.2,,3.80,
87,Joe Burrow\BurrJo01,CIN,QB,24,5,5,27.0,41.4,260.8,1.20,0.60,4.60,17.0,3.70,0.20,0.00,0.00,0.00,,0.00,1.00,0.40,0.20,,,16.2,16.1,88.7,16.7,,4.20,
88,Ben Roethlisberger\RoetBe00,PIT,QB,38,4,4,25.0,35.8,254.0,2.50,0.25,3.25,0.50,0.15,0.00,0.00,0.00,0.00,,0.00,0.50,0.00,0.00,,0.25,20.3,20.2,84.8,20.4,,5.00,
89,Matthew Stafford\StafMa00,DET,QB,32,4,4,20.8,34.3,254.3,2.00,0.75,2.50,11.3,4.50,0.00,0.00,0.00,0.00,,0.00,0.00,0.00,0.00,,0.25,18.3,18.3,79.2,19.1,,5.50,
90,Cam Newton\NewtCa00,NWE,QB,31,3,3,20.7,30.3,238.0,0.67,0.67,11.7,49.7,4.26,1.33,0.00,0.00,0.00,,0.00,0.00,0.00,1.33,,,23.7,23.8,79.5,24.5,,7.67,
91,Baker Mayfield\MayfBa00,CLE,QB,25,5,5,18.6,30.4,195.2,1.80,0.80,2.20,6.40,2.91,0.00,0.00,0.00,0.00,,0.00,0.20,0.00,0.00,,,14.0,14.0,77.2,14.8,,4.80,
92,Kirk Cousins\CousKi00,MIN,QB,32,5,5,17.8,27.8,226.4,1.60,1.40,2.20,11.0,5.00,0.00,0.00,0.00,0.00,,0.00,0.40,0.20,0.00,,0.20,13.8,13.8,79.8,15.2,,5.00,
93,Philip Rivers\RivePh00,IND,QB,39,5,5,21.8,30.8,245.4,0.80,1.00,1.80,0.20,0.11,0.00,0.00,0.00,0.00,,0.00,0.20,0.00,0.00,,,11.0,11.0,63.2,12.0,,5.20,
94,Sam Darnold\DarnSa00,NYJ,QB,23,4,4,20.5,34.5,198.0,0.75,1.00,3.50,29.3,8.36,0.25,0.00,0.00,0.00,,0.00,0.00,0.00,0.25,,,13.3,13.3,63.4,14.3,,6.75,
95,Dwayne Haskins\HaskDw00,WAS,QB,23,4,4,22.3,36.5,234.8,1.00,0.75,3.25,7.50,2.31,0.25,0.00,0.00,0.00,,0.00,1.00,0.50,0.25,,,13.3,13.2,60.6,13.9,,7.00,
96,Daniel Jones\JoneDa05,NYG,QB,23,5,5,22.2,36.4,222.2,0.40,1.00,4.00,26.0,6.50,0.00,0.00,0.00,0.00,,0.00,0.80,0.60,0.00,,0.20,10.2,10.3,65.4,11.3,,5.80,
97,Mitchell Trubisky\TrubMi00,CHI,QB,26,3,3,17.0,28.7,186.7,2.00,1.00,2.67,29.0,10.88,0.00,0.00,0.00,0.00,,0.00,0.33,0.00,0.00,,,16.3,16.4,55.1,17.4,,10.0,
98,Kenyan Drake\DrakKe00,ARI,RB,26,5,3,0.00,0.00,0.00,0.00,0.00,17.0,62.8,3.69,0.40,1.20,1.20,4.40,3.67,0.00,0.00,0.00,0.40,,,9.20,10.3,54.6,9.72,,5.40,
99,Myles Gaskin\GaskMy00,MIA,RB,23,5,3,0.00,0.00,0.00,0.00,0.00,12.8,49.8,3.89,0.20,5.00,4.60,29.4,6.39,0.00,0.00,0.00,0.20,,,9.20,13.7,74.6,11.4,,5.60,
100,Christian McCaffrey\McCaCh01,CAR,RB,24,2,2,0.00,0.00,0.00,0.00,0.00,20.5,78.0,3.80,2.00,4.50,3.50,33.5,9.57,0.00,0.00,0.00,2.00,,,23.0,26.6,56.3,24.9,,13.0,
101,Austin Ekeler\EkelAu00,LAC,RB,25,4,4,0.00,0.00,0.00,0.00,0.00,12.3,62.0,5.06,0.25,4.25,4.25,36.0,8.47,0.00,0.00,0.00,0.25,,,11.3,15.6,68.2,13.4,,7.25,
102,Devin Singletary\SingDe00,BUF,RB,23,5,5,0.00,0.00,0.00,0.00,0.00,12.2,47.6,3.90,0.20,4.40,3.40,24.4,7.18,0.00,0.00,0.00,0.20,,,8.40,11.8,65.0,10.1,,6.00,
103,Rex Burkhead\BurkRe00,NWE,RB,30,4,0,0.00,0.00,0.00,0.00,0.00,7.50,32.0,4.27,0.50,4.25,3.00,25.3,8.42,0.25,0.00,0.00,0.75,,,10.3,13.2,58.9,11.7,,7.75,
104,Nick Foles\FoleNi00,CHI,QB,31,3,2,24.0,37.7,226.7,1.67,1.00,2.00,-1.67,-0.83,0.00,0.00,0.00,0.00,,0.00,0.33,0.00,0.00,,,13.7,13.6,46.7,14.6,,10.3,
105,Latavius Murray\MurrLa00,NOR,RB,30,5,2,0.00,0.00,0.00,0.00,0.00,10.4,43.6,4.19,0.40,1.60,1.20,13.6,11.33,0.00,0.00,0.00,0.40,,,8.20,9.32,49.6,8.72,,6.40,
106,Chase Edmonds\EdmoCh00,ARI,RB,24,5,1,0.00,0.00,0.00,0.00,0.00,3.80,19.0,5.00,0.20,4.60,3.60,25.8,7.17,0.40,0.40,0.00,0.60,,,8.00,11.7,61.4,9.88,,6.60,
107,JuJu Smith-Schuster\SmitJu00,PIT,WR,24,4,4,0.00,0.00,0.00,0.00,0.00,0.00,0.00,,0.00,6.00,5.25,47.0,8.95,0.75,0.00,0.00,0.75,0.25,,9.75,14.9,62.8,12.3,,7.75,
108,Malcolm Brown\BrowMa03,LAR,RB,27,5,0,0.00,0.00,0.00,0.00,0.00,10.6,42.6,4.02,0.40,2.80,1.80,8.80,4.89,0.00,0.00,0.00,0.40,,,7.60,9.34,49.7,8.44,,6.80,
109,Marquise Brown\BrowMa04,BAL,WR,23,5,4,0.00,0.00,0.00,0.00,0.00,0.20,0.20,1.00,0.00,7.20,4.40,63.8,14.50,0.20,0.00,0.00,0.20,,,7.60,12.0,63.0,9.80,,6.60,
110,Laviska Shenault Jr.\ShenLa00,JAX,WR,22,5,4,0.00,0.00,0.00,0.00,0.00,1.80,10.6,5.89,0.00,5.60,4.60,54.0,11.74,0.20,0.00,0.00,0.20,,,7.60,12.3,64.3,9.96,,6.40,
111,Nelson Agholor\AghoNe00,LVR,WR,27,5,2,0.00,0.00,0.00,0.00,0.00,0.00,0.00,,0.00,2.20,2.00,37.0,18.50,0.60,0.00,0.00,0.60,,,7.40,9.30,49.5,8.30,,7.00,
112,Cole Beasley\BeasCo00,BUF,WR,31,5,2,0.00,0.00,0.00,0.00,0.00,0.00,0.00,,0.00,6.00,4.80,62.6,13.04,0.20,0.00,0.00,0.20,,,7.40,12.3,64.3,9.86,,6.80,
113,Brandin Cooks\CookBr00,HOU,WR,27,5,5,0.00,0.00,0.00,0.00,0.00,0.00,0.00,,0.00,6.60,3.60,59.8,16.61,0.20,0.00,0.00,0.20,,,7.20,10.8,56.9,8.98,,7.20,
114,Preston Williams\WillPr01,MIA,WR,23,5,4,0.00,0.00,0.00,0.00,0.00,0.00,0.00,,0.00,4.40,2.00,39.0,19.50,0.40,0.00,0.00,0.40,0.40,,7.20,9.10,48.5,8.10,,7.40,
115,Tee Higgins\HiggTe00,CIN,WR,21,5,3,0.00,0.00,0.00,0.00,0.00,0.20,2.60,13.00,0.00,6.00,3.20,42.8,13.38,0.40,0.00,0.00,0.40,,,7.00,10.1,53.7,8.54,,7.60,
116,Mark Ingram\IngrMa01,BAL,RB,31,5,5,0.00,0.00,0.00,0.00,0.00,9.00,41.0,4.56,0.40,1.00,0.60,5.00,8.33,0.00,0.00,0.00,0.40,,,7.00,7.60,41.0,7.30,,7.00,
117,Brandon Aiyuk\AiyuBr00,SFO,WR,22,4,4,0.00,0.00,0.00,0.00,0.00,1.00,17.3,17.25,0.50,5.50,3.00,38.3,12.75,0.00,0.00,0.00,0.50,,,8.50,11.6,49.2,10.1,,9.75,
118,Mecole Hardman\HardMe00,KAN,WR,22,5,3,0.00,0.00,0.00,0.00,0.00,0.20,0.60,3.00,0.00,3.40,2.60,38.8,14.92,0.40,0.00,0.00,0.40,0.20,,6.80,9.34,49.7,8.04,,8.00,
119,Alexander Mattison\MattAl01,MIN,RB,22,5,0,0.00,0.00,0.00,0.00,0.00,8.80,43.8,4.98,0.20,1.80,1.60,11.4,7.13,0.00,0.00,0.00,0.20,,,6.80,8.32,44.6,7.52,,7.20,
120,Adrian Peterson\PeteAd01,DET,RB,35,4,2,0.00,0.00,0.00,0.00,0.00,13.5,61.3,4.54,0.25,1.50,1.00,7.75,7.75,0.00,0.00,0.00,0.25,,,8.50,9.40,40.6,8.90,,9.25,
121,Travis Fulgham\FulgTr00,PHI,WR,25,2,2,0.00,0.00,0.00,0.00,0.00,0.00,0.00,,0.00,8.00,6.00,104.5,17.42,1.00,0.00,0.00,1.00,,,16.5,22.4,47.9,19.4,,21.5,
122,Jarvis Landry\LandJa00,CLE,WR,28,5,5,0.20,0.20,7.40,0.20,0.00,0.00,0.00,,0.00,5.60,4.20,55.8,13.29,0.00,0.00,0.00,0.00,,,6.60,10.9,57.4,8.78,,8.20,
123,Tim Patrick\PatrTi00,DEN,WR,27,4,4,0.00,0.00,0.00,0.00,0.00,0.00,0.00,,0.00,5.25,4.00,52.3,13.06,0.50,0.00,0.00,0.50,,,8.25,12.2,51.9,10.2,,11.0,
124,Sammy Watkins\WatkSa00,KAN,WR,27,5,4,0.00,0.00,0.00,0.00,0.00,0.20,0.60,3.00,0.00,5.80,4.20,44.4,10.57,0.40,0.20,0.20,0.40,,,6.60,10.7,57.5,8.60,,9.20,
125,Mike Williams\WillMi07,LAC,WR,26,4,2,0.00,0.00,0.00,0.00,0.00,0.00,0.00,,0.00,5.50,3.00,52.3,17.42,0.50,0.00,0.00,0.50,,,8.25,11.2,47.9,9.72,,10.5,
126,Cedrick Wilson\WilsCe01,DAL,WR,25,5,0,0.20,0.20,2.20,0.20,0.00,0.00,0.00,,0.00,3.40,2.40,32.6,13.58,0.40,0.00,0.00,0.40,,,6.60,8.94,47.7,7.74,,9.00,
127,Randall Cobb\CobbRa00,HOU,WR,30,5,2,0.00,0.00,0.00,0.00,0.00,0.00,0.00,,0.00,4.80,3.80,52.0,13.68,0.20,0.00,0.00,0.20,,,6.40,10.2,54.0,8.30,,9.40,
128,J.K. Dobbins\DobbJK00,BAL,RB,22,5,0,0.00,0.00,0.00,0.00,0.00,3.20,25.2,7.88,0.40,2.00,1.80,14.6,8.11,0.00,0.00,0.00,0.40,,,6.40,8.18,43.9,7.28,,7.80,
129,Julian Edelman\EdelJu00,NWE,WR,34,4,0,0.00,0.00,0.00,0.00,0.00,0.50,5.50,11.00,0.00,7.50,4.50,73.5,16.33,0.00,0.00,0.00,0.00,,,8.00,12.4,52.6,10.2,,12.3,
130,Jimmy Garoppolo\GaroJi00,SFO,QB,29,3,3,13.3,22.0,155.7,1.33,0.67,0.33,3.00,9.00,0.00,0.00,0.00,0.00,,0.00,0.33,0.00,0.00,,,10.7,10.5,36.6,11.2,,10.7,
131,Nyheim Hines\HineNy00,IND,RB,24,5,0,0.00,0.00,0.00,0.00,0.00,5.20,16.2,3.12,0.20,4.20,3.60,23.8,6.61,0.20,0.00,0.00,0.40,,,6.40,10.0,53.0,8.20,,7.60,
132,T.J. Hockenson\HockTJ00,DET,TE,23,4,4,0.00,0.00,0.00,0.00,0.00,0.00,0.00,,0.00,5.00,3.75,45.0,12.00,0.50,0.00,0.00,0.50,0.25,,8.00,11.8,50.0,9.88,,3.25,
133,Joshua Kelley\KellJo01,LAC,RB,23,5,0,0.00,0.00,0.00,0.00,0.00,12.6,40.6,3.22,0.20,1.60,1.60,18.6,11.63,0.00,0.40,0.40,0.20,,,6.40,7.92,44.6,7.12,,8.00,
134,Scott Miller\MillSc01,TAM,WR,23,5,4,0.00,0.00,0.00,0.00,0.00,0.40,1.40,3.50,0.00,4.20,3.00,50.0,16.67,0.20,0.00,0.00,0.20,,,6.40,9.34,49.7,7.84,,9.60,
135,Davante Adams\AdamDa01,GNB,WR,28,2,2,0.00,0.00,0.00,0.00,0.00,0.00,0.00,,0.00,10.0,8.50,96.0,11.29,1.00,0.00,0.00,1.00,,,15.5,24.1,51.2,19.9,,26.0,
136,Mo Alie-Cox\AlieMo00,IND,TE,27,5,2,0.00,0.00,0.00,0.00,0.00,0.00,0.00,,0.00,2.80,2.20,38.8,17.64,0.40,0.00,0.00,0.40,,,6.20,8.48,45.4,7.38,,2.80,
137,John Brown\BrowJo02,BUF,WR,30,4,4,0.00,0.00,0.00,0.00,0.00,0.00,0.00,,0.00,5.75,3.50,48.5,13.86,0.50,0.00,0.00,0.50,,,7.75,11.3,48.4,9.60,,12.5,
138,Gabriel Davis\DaviGa01,BUF,WR,21,5,2,0.00,0.00,0.00,0.00,0.00,0.20,0.00,0.00,0.00,3.40,2.60,37.4,14.38,0.40,0.00,0.00,0.40,,,6.20,8.74,46.7,7.44,,10.6,
139,David Moore\MoorDa03,SEA,WR,25,5,3,0.00,0.00,0.00,0.00,0.00,0.20,2.40,12.00,0.00,2.80,2.00,34.6,17.30,0.40,0.20,0.00,0.40,,,6.20,8.10,43.5,7.10,,10.8,
140,Tre'Quan Smith\SmitTr03,NOR,WR,24,5,4,0.00,0.00,0.00,0.00,0.00,0.00,0.00,,0.00,4.20,3.20,38.8,12.13,0.40,0.00,0.00,0.40,,,6.20,9.48,50.4,7.88,,10.2,
141,Jeff Driskel\DrisJe00,DEN,QB,27,3,1,11.7,21.3,144.0,1.00,0.67,2.00,9.33,4.67,0.00,0.00,0.00,0.00,,0.00,0.00,0.00,0.00,,0.33,10.0,10.0,35.1,10.7,,11.0,
142,Hunter Renfrow\RenfHu00,LVR,WR,25,5,0,0.00,0.00,0.00,0.00,0.00,0.00,0.00,,0.00,4.60,3.40,48.2,14.18,0.20,0.20,0.00,0.20,,,6.00,9.42,50.1,7.72,,11.0,
143,Kendrick Bourne\BourKe00,SFO,WR,25,5,4,0.00,0.00,0.00,0.00,0.00,0.00,0.00,,0.00,5.20,3.00,45.4,15.13,0.20,0.00,0.00,0.20,,,5.80,8.74,46.7,7.24,,11.8,
144,Jared Cook\CookJa02,NOR,TE,33,4,1,0.00,0.00,0.00,0.00,0.00,0.00,0.00,,0.00,4.50,2.75,41.5,15.09,0.50,0.00,0.00,0.50,,,7.25,9.90,42.6,8.53,,4.00,
145,Jalen Guyton\GuytJa01,LAC,WR,23,5,4,0.00,0.00,0.00,0.00,0.00,0.20,-0.80,-4.00,0.00,2.00,1.20,34.8,29.00,0.40,0.00,0.00,0.40,,,5.80,7.00,38.0,6.40,,11.4,
146,Hayden Hurst\HursHa00,ATL,TE,27,5,2,0.00,0.00,0.00,0.00,0.00,0.00,0.00,,0.00,5.60,3.00,34.0,11.33,0.40,0.00,0.00,0.40,,,5.80,8.80,47.0,7.30,,3.00,
147,Jerry Jeudy\JeudJe00,DEN,WR,21,4,2,0.00,0.00,0.00,0.00,0.00,0.00,0.00,,0.00,7.00,3.75,58.5,15.60,0.25,0.25,0.00,0.25,,,7.25,11.1,47.4,9.22,,14.0,
148,Anthony Miller\MillAn02,CHI,WR,26,5,0,0.00,0.00,0.00,0.00,0.00,0.20,1.80,9.00,0.00,4.60,2.60,32.2,12.38,0.40,0.20,0.00,0.40,,,5.80,8.40,45.0,7.10,,11.6,
149,D'Andre Swift\SwifDA00,DET,RB,21,4,0,0.00,0.00,0.00,0.00,0.00,3.00,10.5,3.50,0.25,4.00,3.25,31.0,9.54,0.25,0.00,0.00,0.50,,,7.25,10.4,44.6,8.78,,10.3,
150,Greg Ward\WardGr02,PHI,WR,25,5,3,0.00,0.00,0.00,0.00,0.00,0.20,-1.20,-6.00,0.00,6.20,4.40,34.4,7.82,0.40,0.00,0.00,0.40,,,5.80,10.1,53.6,7.92,,12.0,
151,Leonard Fournette\FourLe00,TAM,RB,25,4,0,0.00,0.00,0.00,0.00,0.00,6.00,30.8,5.13,0.50,2.00,1.75,8.50,4.86,0.00,0.00,0.00,0.50,,,7.00,8.68,37.7,7.80,,10.5,
152,Russell Gage\GageRu00,ATL,WR,24,5,3,0.00,0.20,0.00,0.00,0.00,0.20,-0.40,-2.00,0.00,6.40,4.20,44.8,10.67,0.20,0.00,0.00,0.20,,,5.60,9.84,52.2,7.74,,12.2,
153,Corey Davis\DaviCo03,TEN,WR,25,3,3,0.00,0.00,0.00,0.00,0.00,0.00,0.00,,0.00,6.33,5.00,68.7,13.73,0.33,0.00,0.00,0.33,,,9.00,13.9,44.6,11.4,,21.0,
154,O.J. Howard\HowaO.00,TAM,TE,26,4,1,0.00,0.00,0.00,0.00,0.00,0.00,0.00,,0.00,4.75,2.75,36.5,13.27,0.50,0.00,0.00,0.50,,,6.75,9.40,40.6,8.03,,4.25,
155,Marquez Valdes-Scantling\ValdMa00,GNB,WR,26,4,2,0.00,0.00,0.00,0.00,0.00,0.00,0.00,,0.00,6.25,3.00,52.5,17.50,0.25,0.00,0.00,0.25,,,6.75,9.75,42.0,8.25,,15.5,
156,Braxton Berrios\BerrBr00,NYJ,WR,25,5,1,0.00,0.00,0.00,0.00,0.00,0.20,2.60,13.00,0.00,3.40,2.00,24.6,12.30,0.40,0.00,0.00,0.40,,,5.20,7.12,38.6,6.12,,13.0,
157,Brian Hill\HillBr02,ATL,RB,25,5,0,0.00,0.00,0.00,0.00,0.00,5.00,26.6,5.32,0.20,2.20,1.80,13.8,7.67,0.00,0.00,0.00,0.20,,,5.20,7.04,38.2,6.14,,8.60,
158,Andy Isabella\IsabAn00,ARI,WR,24,5,0,0.00,0.00,0.00,0.00,0.00,0.20,-1.20,-6.00,0.00,2.60,2.00,29.4,14.70,0.40,0.00,0.00,0.40,,,5.20,7.22,39.1,6.22,,12.8,
159,Sony Michel\MichSo00,NWE,RB,25,3,3,0.00,0.00,0.00,0.00,0.00,8.67,57.7,6.65,0.33,1.00,0.67,7.67,11.50,0.00,0.00,0.00,0.33,,,8.67,9.20,30.6,8.87,,14.7,
160,Henry Ruggs III\RuggHe00,LVR,WR,21,3,3,0.00,0.00,0.00,0.00,0.00,0.67,3.67,5.50,0.00,3.67,2.00,59.0,29.50,0.33,0.00,0.00,0.33,,,8.33,10.3,33.8,9.27,,22.0,
161,Curtis Samuel\SamuCu00,CAR,WR,24,5,2,0.00,0.00,0.00,0.00,0.00,3.00,12.6,4.20,0.00,4.60,3.80,36.6,9.63,0.00,0.00,0.00,0.00,,,5.00,8.72,46.6,6.82,,13.4,
162,Jamaal Williams\WillJa06,GNB,RB,25,4,1,0.00,0.00,0.00,0.00,0.00,7.25,27.0,3.72,0.00,3.25,3.25,29.8,9.15,0.00,0.00,0.00,0.00,0.25,,6.25,9.43,43.7,7.80,,11.3,
163,Darren Fells\FellDa01,HOU,TE,34,5,5,0.00,0.00,0.00,0.00,0.00,0.00,0.00,,0.00,2.40,1.60,24.0,15.00,0.40,0.00,0.00,0.40,,,4.80,6.40,35.0,5.60,,3.60,
164,Kenny Golladay\GollKe00,DET,WR,27,2,2,0.00,0.00,0.00,0.00,0.00,0.00,0.00,,0.00,7.50,5.00,59.5,11.90,1.00,0.00,0.00,1.00,,,12.0,16.9,36.9,14.4,,34.0,
165,Nick Mullens\MullNi00,SFO,QB,25,3,2,17.0,24.3,204.7,0.67,1.00,2.00,-0.67,-0.33,0.00,0.00,0.00,0.00,,0.00,1.00,0.33,0.00,,,8.00,8.13,31.4,9.13,,11.3,
166,Jeff Wilson\WilsJe01,SFO,RB,25,5,0,0.00,0.00,0.00,0.00,0.00,4.20,10.2,2.43,0.20,1.00,0.80,13.4,16.75,0.20,0.00,0.00,0.40,,,4.80,5.56,27.8,5.16,,9.20,
167,Jordan Akins\AkinJo00,HOU,TE,28,4,2,0.00,0.00,0.00,0.00,0.00,0.00,0.00,,0.00,3.75,3.50,42.0,12.00,0.25,0.00,0.00,0.25,,,5.75,9.20,39.8,7.45,,4.75,
168,Zach Ertz\ErtzZa00,PHI,TE,30,5,5,0.00,0.00,0.00,0.00,0.00,0.00,0.00,,0.00,7.00,4.00,29.0,7.25,0.20,0.00,0.00,0.20,0.20,,4.60,8.50,45.5,6.50,,4.00,
169,Devonta Freeman\FreeDe00,NYG,RB,28,3,2,0.00,0.00,0.00,0.00,0.00,11.0,34.3,3.12,0.33,2.33,2.00,20.7,10.33,0.00,0.00,0.00,0.33,,,7.67,9.50,31.5,8.50,,15.7,
170,T.Y. Hilton\HiltT.00,IND,WR,31,5,5,0.00,0.00,0.00,0.00,0.00,0.00,0.00,,0.00,6.40,3.80,46.2,12.16,0.00,0.00,0.00,0.00,,,4.60,8.42,45.1,6.52,,13.8,
171,Evan Engram\EngrEv00,NYG,TE,26,5,4,0.00,0.00,0.00,0.00,0.00,0.40,1.80,4.50,0.20,6.40,3.60,29.4,8.17,0.00,0.00,0.00,0.20,,,4.40,7.92,42.6,6.12,,4.20,
172,Frank Gore\GoreFr00,NYJ,RB,37,5,4,0.00,0.00,0.00,0.00,0.00,12.8,40.8,3.19,0.00,1.00,0.40,2.20,5.50,0.00,0.00,0.00,0.00,,,4.40,4.70,26.5,4.50,,9.60,
173,Dontrelle Inman\InmaDo00,WAS,WR,31,5,2,0.00,0.00,0.00,0.00,0.00,0.00,0.00,,0.00,4.40,2.40,20.6,8.58,0.40,0.20,0.00,0.40,,,4.40,6.86,37.3,5.66,,14.0,
174,Christian Kirk\KirkCh01,ARI,WR,24,4,4,0.00,0.00,0.00,0.00,0.00,0.25,0.75,3.00,0.00,5.25,2.75,38.5,14.00,0.25,0.25,0.00,0.25,,,5.50,8.18,35.7,6.80,,17.8,
175,Darnell Mooney\MoonDa00,CHI,WR,23,5,1,0.00,0.00,0.00,0.00,0.00,0.20,-0.60,-3.00,0.00,5.00,3.00,32.0,10.67,0.20,0.20,0.00,0.20,,,4.40,7.34,39.7,5.84,,14.4,
176,N'Keal Harry\HarrNK00,NWE,WR,23,4,4,0.00,0.00,0.00,0.00,0.00,0.25,0.50,2.00,0.00,7.00,4.50,41.5,9.22,0.25,0.25,0.25,0.25,,,5.25,9.70,42.8,7.45,,18.5,
177,Austin Hooper\HoopAu00,CLE,TE,26,5,5,0.00,0.00,0.00,0.00,0.00,0.00,0.00,,0.00,5.40,3.40,30.6,9.00,0.20,0.00,0.00,0.20,,,4.20,7.66,41.3,5.96,,4.40,
178,Julio Jones\JoneJu02,ATL,WR,31,3,3,0.00,0.00,0.00,0.00,0.00,0.00,0.00,,0.00,6.67,5.00,71.0,14.20,0.00,0.00,0.00,0.00,,,7.00,12.1,39.3,9.60,,24.3,
179,Jordan Reed\ReedJo02,SFO,TE,30,3,0,0.00,0.00,0.00,0.00,0.00,0.00,0.00,,0.00,5.33,3.67,28.3,7.73,0.67,0.00,0.00,0.67,,,7.00,10.5,31.5,8.67,,7.67,
180,Eric Ebron\EbroEr00,PIT,TE,27,4,3,0.00,0.00,0.00,0.00,0.00,0.00,0.00,,0.00,5.00,3.50,39.0,11.14,0.25,0.25,0.25,0.25,,,5.00,8.40,37.6,6.65,,6.50,
181,Chris Godwin\GodwCh00,TAM,WR,24,2,2,0.00,0.00,0.00,0.00,0.00,0.00,0.00,,0.00,6.50,5.50,71.5,13.00,0.50,0.00,0.00,0.50,,,10.0,15.7,34.3,12.9,,38.0,
182,Dallas Goedert\GoedDa00,PHI,TE,25,3,1,0.00,0.00,0.00,0.00,0.00,0.00,0.00,,0.00,6.00,4.33,46.0,10.62,0.33,0.00,0.00,0.33,,,6.67,10.9,35.8,8.77,,8.33,
183,Adam Humphries\HumpAd00,TEN,WR,27,3,1,0.00,0.00,0.00,0.00,0.00,0.00,0.00,,0.00,6.67,5.00,45.3,9.07,0.33,0.00,0.00,0.33,,,6.67,11.5,37.6,9.03,,26.3,
184,Diontae Johnson\JohnDi01,PIT,WR,24,4,4,0.00,0.00,0.00,0.00,0.00,0.25,2.25,9.00,0.00,6.50,3.75,36.8,9.80,0.25,0.25,0.25,0.25,,,5.00,8.65,38.6,6.78,,19.5,
185,Marvin Jones\JoneMa02,DET,WR,30,4,4,0.00,0.00,0.00,0.00,0.00,0.00,0.00,,0.00,4.75,3.00,34.5,11.50,0.25,0.00,0.00,0.25,,,5.00,7.95,34.8,6.45,,19.3,
186,Greg Olsen\OlseGr00,SEA,TE,35,5,4,0.00,0.00,0.00,0.00,0.00,0.00,0.00,,0.00,3.80,3.00,28.0,9.33,0.20,0.00,0.00,0.20,,,4.00,7.00,38.0,5.50,,4.80,
187,Zach Pascal\PascZa00,IND,WR,26,5,5,0.00,0.00,0.00,0.00,0.00,0.00,0.00,,0.00,4.20,2.40,28.8,12.00,0.20,0.00,0.00,0.20,,,4.00,6.48,35.4,5.28,,15.0,
188,Chris Conley\ConlCh00,JAX,WR,28,5,1,0.00,0.00,0.00,0.00,0.00,0.00,0.00,,0.00,4.40,2.60,38.0,14.62,0.00,0.00,0.00,0.00,,,3.80,6.40,35.0,5.10,,16.0,
189,Gus Edwards\EdwaGu00,BAL,RB,25,5,0,0.00,0.00,0.00,0.00,0.00,6.80,38.4,5.65,0.00,0.60,0.00,0.00,,0.00,0.00,0.00,0.00,,,3.80,3.84,22.2,3.84,,9.80,
190,Jordan Howard\HowaJo00,MIA,RB,26,4,2,0.00,0.00,0.00,0.00,0.00,4.50,3.50,0.78,0.75,0.25,0.25,-0.75,-3.00,0.00,0.25,0.00,0.75,,,4.75,5.03,20.1,4.90,,12.5,
191,Danny Amendola\AmenDa00,DET,WR,35,4,1,0.00,0.00,0.00,0.00,0.00,0.00,0.00,,0.00,5.25,2.50,44.3,17.70,0.00,0.00,0.00,0.00,,,4.50,6.92,30.7,5.67,,20.8,
192,A.J. Brown\BrowAJ00,TEN,WR,23,2,1,0.00,0.00,0.00,0.00,0.00,0.00,0.00,,0.00,8.50,6.00,60.5,10.08,0.50,0.00,0.00,0.50,,,9.00,15.1,33.1,12.1,,40.5,
193,Damiere Byrd\ByrdDa00,NWE,WR,27,4,3,0.00,0.00,0.00,0.00,0.00,0.00,0.00,,0.00,5.50,3.50,44.8,12.79,0.00,0.25,0.00,0.00,,,4.50,7.97,34.9,6.22,,20.5,
194,Gerald Everett\EverGe00,LAR,TE,26,5,2,0.00,0.00,0.00,0.00,0.00,0.20,0.40,2.00,0.20,1.80,1.60,28.2,17.63,0.00,0.20,0.20,0.20,,,3.60,5.26,30.3,4.46,,5.40,
195,J.D. McKissic\McKiJ.00,WAS,RB,27,5,3,0.00,0.00,0.00,0.00,0.00,3.80,15.0,3.95,0.00,5.00,3.40,24.8,7.29,0.00,0.20,0.20,0.00,,,3.60,6.98,38.9,5.28,,10.2,
196,Willie Snead\SneaWi00,BAL,WR,28,5,4,0.00,0.00,0.00,0.00,0.00,0.00,0.00,,0.00,2.60,2.00,23.4,11.70,0.20,0.00,0.00,0.20,,,3.60,5.54,30.7,4.54,,16.8,
197,James Washington\WashJa00,PIT,WR,24,4,1,0.00,0.00,0.00,0.00,0.00,0.00,0.00,,0.00,4.75,3.25,29.3,9.00,0.25,0.00,0.00,0.25,,,4.50,7.67,33.7,6.05,,21.3,
198,Matt Breida\BreiMa00,MIA,RB,25,5,0,0.00,0.00,0.00,0.00,0.00,5.40,20.0,3.70,0.00,1.20,1.00,14.4,14.40,0.00,0.20,0.00,0.00,,,3.40,4.44,25.2,3.94,,10.6,
199,Isaiah Ford\FordIs00,MIA,WR,24,5,0,0.00,0.00,0.00,0.00,0.00,0.00,0.00,,0.00,5.60,3.40,34.8,10.24,0.00,0.00,0.00,0.00,,,3.40,6.88,37.4,5.18,,17.2,
200,Isaiah McKenzie\McKeIs00,BUF,WR,25,5,3,0.00,0.00,0.00,0.00,0.00,0.60,3.00,5.00,0.00,2.40,2.20,19.0,8.64,0.20,0.00,0.00,0.20,,,3.40,5.60,28.0,4.50,,17.4,
201,Jalen Richard\RichJa01,LVR,RB,27,5,0,0.00,0.00,0.00,0.00,0.00,1.00,10.0,10.00,0.20,2.60,2.00,11.8,5.90,0.00,0.00,0.00,0.20,,,3.40,5.38,26.9,4.38,,10.8,
202,Chris Thompson\ThomCh03,JAX,RB,30,5,0,0.00,0.00,0.00,0.00,0.00,1.20,3.40,2.83,0.00,3.00,2.60,19.2,7.38,0.20,0.00,0.00,0.20,,,3.40,6.06,30.3,4.76,,10.4,
203,Logan Thomas\ThomLo00,WAS,TE,29,5,4,0.00,0.00,0.00,0.00,0.00,0.00,0.00,,0.00,6.40,2.80,21.2,7.57,0.20,0.00,0.00,0.20,,,3.40,6.12,33.6,4.72,,5.60,
204,Peyton Barber\BarbPe01,WAS,RB,26,5,0,0.00,0.00,0.00,0.00,0.00,4.80,8.20,1.71,0.40,0.20,0.00,0.00,,0.00,0.00,0.00,0.40,,,3.20,3.22,16.1,3.22,,11.0,
205,Devontae Booker\BookDe00,LVR,RB,28,5,0,0.00,0.00,0.00,0.00,0.00,3.40,24.2,7.12,0.00,1.00,1.00,6.80,6.80,0.00,0.20,0.00,0.00,,,3.20,4.10,23.5,3.60,,11.4,
206,Devin Duvernay\DuveDe00,BAL,WR,23,5,0,0.00,0.00,0.00,0.00,0.00,0.20,8.40,42.00,0.00,1.80,1.40,11.8,8.43,0.00,0.00,0.00,0.20,,,3.20,4.62,23.1,3.92,,18.0,
207,Tyler Kroft\KrofTy00,BUF,TE,28,5,1,0.00,0.00,0.00,0.00,0.00,0.00,0.00,,0.00,1.60,1.00,7.20,7.20,0.40,0.00,0.00,0.40,,,3.20,4.12,20.6,3.62,,5.80,
208,Tony Pollard\PollTo00,DAL,RB,23,5,1,0.00,0.00,0.00,0.00,0.00,2.60,12.4,4.77,0.20,2.00,1.40,7.60,5.43,0.00,0.00,0.00,0.20,,,3.20,4.60,23.0,3.90,,11.2,
209,Josh Reynolds\ReynJo00,LAR,WR,25,5,4,0.00,0.00,0.00,0.00,0.00,0.00,0.00,,0.00,3.20,2.40,36.2,15.08,0.00,0.40,0.20,0.00,,,3.20,5.62,32.1,4.42,,17.8,
210,Kenny Stills\StilKe00,HOU,WR,28,5,0,0.00,0.00,0.00,0.00,0.00,0.00,0.00,,0.00,2.80,1.60,20.8,13.00,0.20,0.00,0.00,0.20,,,3.20,4.88,27.4,4.08,,17.6,
211,Freddie Swain\SwaiFr00,SEA,WR,22,5,0,0.00,0.00,0.00,0.00,0.00,0.00,0.00,,0.00,1.60,1.40,19.4,13.86,0.20,0.00,0.00,0.20,,,3.20,4.54,22.7,3.84,,18.2,
212,Reggie Bonnafon\BonnRe00,CAR,RB,24,2,0,0.00,0.00,0.00,0.00,0.00,6.00,34.5,5.75,0.00,1.00,1.00,9.00,9.00,0.50,0.00,0.00,0.50,,,7.50,8.35,16.7,7.85,,30.0,
213,Tyler Eifert\EifeTy00,JAX,TE,30,5,2,0.00,0.00,0.00,0.00,0.00,0.00,0.00,,0.00,4.60,2.20,18.6,8.45,0.20,0.00,0.00,0.20,,,3.00,5.26,26.3,4.16,,6.00,
214,Kerryon Johnson\JohnKe06,DET,RB,23,4,2,0.00,0.00,0.00,0.00,0.00,5.25,17.8,3.38,0.25,0.75,0.50,4.25,8.50,0.00,0.00,0.00,0.25,,,3.75,4.20,16.8,3.95,,14.8,
215,Kyle Juszczyk\JuszKy00,SFO,RB,29,5,5,0.00,0.00,0.00,0.00,0.00,0.60,3.60,6.00,0.20,1.60,1.00,13.4,13.40,0.00,0.00,0.00,0.20,,,3.00,3.90,19.5,3.40,,12.4,
216,Dion Lewis\LewiDi00,NYG,RB,30,5,0,0.00,0.00,0.00,0.00,0.00,2.60,6.20,2.38,0.20,3.20,1.80,11.0,6.11,0.00,0.00,0.00,0.20,,,3.00,4.72,23.6,3.82,,12.2,
217,Golden Tate\TateGo00,NYG,WR,32,4,2,0.00,0.00,0.00,0.00,0.00,0.00,0.00,,0.00,5.75,4.50,36.3,8.06,0.00,0.00,0.00,0.00,,,3.75,8.13,35.5,5.88,,23.3,
218,C.J. Uzomah\UzomC.00,CIN,TE,27,2,2,0.00,0.00,0.00,0.00,0.00,0.00,0.00,,0.00,5.50,4.00,43.5,10.88,0.50,0.00,0.00,0.50,,,7.50,11.3,22.7,9.35,,15.5,
219,T.J. Yeldon\YeldT.00,BUF,RB,27,3,0,0.00,0.00,0.00,0.00,0.00,3.33,23.3,7.00,0.00,1.33,0.33,7.33,22.00,0.33,0.33,0.00,0.33,,,5.00,5.40,16.2,5.23,,19.3,
220,Olamide Zaccheaus\ZaccOl01,ATL,WR,23,5,1,0.00,0.00,0.00,0.00,0.00,0.00,0.00,,0.00,4.00,2.80,30.0,10.71,0.00,0.00,0.00,0.00,,,3.00,5.80,32.0,4.40,,18.4,
221,Joe Flacco\FlacJo00,NYJ,QB,35,2,1,10.0,17.5,105.5,0.50,0.00,2.00,10.0,5.00,0.00,0.00,0.00,0.00,,0.00,0.00,0.00,0.00,,,7.00,7.20,14.4,7.20,,17.5,
222,Rob Gronkowski\GronRo00,TAM,TE,31,5,5,0.00,0.00,0.00,0.00,0.00,0.00,0.00,,0.00,4.00,2.40,28.0,11.67,0.00,0.00,0.00,0.00,,,2.80,5.20,29.0,4.00,,6.40,
223,Carlos Hyde\HydeCa00,SEA,RB,30,3,0,0.00,0.00,0.00,0.00,0.00,5.33,19.0,3.56,0.33,1.00,1.00,8.67,8.67,0.00,0.00,0.00,0.33,,,4.67,5.77,17.3,5.27,,21.0,
224,D'Ernest Johnson\JohnDE04,CLE,RB,24,5,0,0.00,0.00,0.00,0.00,0.00,4.40,26.4,6.00,0.00,0.20,0.20,0.80,4.00,0.00,0.00,0.00,0.00,,,2.80,2.92,17.6,2.82,,12.8,
225,Zay Jones\JoneZa00,LVR,WR,25,5,1,0.00,0.00,0.00,0.00,0.00,0.00,0.00,,0.00,2.20,1.80,16.2,9.00,0.20,0.00,0.00,0.20,,,2.80,4.62,23.1,3.72,,18.8,
226,Kalif Raymond\RaymKa00,TEN,WR,26,4,2,0.00,0.00,0.00,0.00,0.00,0.25,-0.75,-3.00,0.00,1.75,1.25,36.0,28.80,0.00,0.00,0.00,0.00,,,3.50,4.78,22.1,4.15,,23.8,
227,Kyle Rudolph\RudoKy00,MIN,TE,31,5,5,0.00,0.00,0.00,0.00,0.00,0.00,0.00,,0.00,2.00,1.40,15.2,10.86,0.20,0.00,0.00,0.20,,,2.80,4.12,20.6,3.42,,6.60,
228,Giovani Bernard\BernGi00,CIN,RB,29,5,0,0.00,0.00,0.00,0.00,0.00,0.80,5.80,7.25,0.00,3.40,2.60,20.4,7.85,0.00,0.00,0.00,0.00,,,2.60,5.22,29.1,3.92,,13.0,
229,Travis Homer\HomeTr00,SEA,RB,22,5,0,0.00,0.00,0.00,0.00,0.00,3.00,11.6,3.87,0.00,0.80,0.60,1.40,2.33,0.20,0.00,0.00,0.20,,,2.60,3.10,15.5,2.80,,13.4,
230,Alec Ingold\IngoAl01,LVR,RB,24,5,1,0.00,0.00,0.00,0.00,0.00,0.20,-0.20,-1.00,0.00,1.80,1.40,14.0,10.00,0.20,0.00,0.00,0.20,,,2.60,3.98,19.9,3.28,,13.2,
231,Cordarrelle Patterson\PattCo00,CHI,WR,29,5,1,0.00,0.00,0.00,0.00,0.00,4.20,13.8,3.29,0.00,1.60,1.40,11.6,8.29,0.00,0.00,0.00,0.00,,,2.60,3.94,19.7,3.24,,19.2,
232,Cam Akers\AkerCa00,LAR,RB,21,3,2,0.00,0.00,0.00,0.00,0.00,8.67,37.7,4.35,0.00,0.33,0.33,1.33,4.00,0.00,0.00,0.00,0.00,,,4.00,4.23,15.7,4.07,,24.0,
233,Harrison Bryant\BryaHa00,CLE,TE,22,5,2,0.00,0.00,0.00,0.00,0.00,0.00,0.00,,0.00,2.20,1.40,11.8,8.43,0.20,0.00,0.00,0.20,,,2.40,3.78,18.9,3.08,,7.20,
234,Tarik Cohen\CoheTa00,CHI,RB,25,3,0,0.00,0.00,0.00,0.00,0.00,4.67,24.7,5.29,0.00,3.00,2.00,13.7,6.83,0.00,0.00,0.00,0.00,,,4.00,5.83,17.5,4.83,,24.3,
235,Will Dissly\DissWi00,SEA,TE,24,5,3,0.00,0.00,0.00,0.00,0.00,0.00,0.00,,0.00,1.60,1.60,11.2,7.00,0.20,0.00,0.00,0.20,,,2.40,3.92,19.6,3.12,,7.80,
236,Larry Fitzgerald\FitzLa00,ARI,WR,37,5,5,0.00,0.00,0.00,0.00,0.00,0.00,0.00,,0.00,5.00,3.60,24.6,6.83,0.00,0.00,0.00,0.00,,,2.40,6.06,33.3,4.26,,19.4,
237,A.J. Green\GreeA.00,CIN,WR,32,5,4,0.00,0.00,0.00,0.00,0.00,0.00,0.00,,0.00,6.80,2.80,23.8,8.50,0.00,0.00,0.00,0.00,,,2.40,5.18,28.9,3.78,,20.0,
238,Taysom Hill\HillTa00,NOR,QB,30,5,2,0.20,0.40,7.60,0.00,0.00,2.60,9.20,3.54,0.20,1.00,0.60,4.60,7.67,0.00,0.40,0.20,0.20,,,2.40,3.08,16.4,2.78,,7.20,
239,Chris Hogan\HogaCh00,NYJ,WR,33,5,4,0.00,0.00,0.00,0.00,0.00,0.00,0.00,,0.00,5.20,2.80,23.6,8.43,0.00,0.00,0.00,0.00,,,2.40,5.16,28.8,3.76,,20.2,
240,DeSean Jackson\JackDe00,PHI,WR,34,3,3,0.00,0.00,0.00,0.00,0.00,0.00,0.00,,0.00,6.67,3.33,40.3,12.10,0.00,0.00,0.00,0.00,,,4.00,7.37,25.1,5.70,,32.7,
241,Justin Jackson\JackJu01,LAC,RB,25,3,1,0.00,0.00,0.00,0.00,0.00,7.67,28.0,3.65,0.00,2.67,2.33,11.7,5.00,0.00,0.00,0.00,0.00,,,4.00,6.30,18.9,5.13,,23.3,
242,Jesse James\JameJe00,DET,TE,26,4,2,0.00,0.00,0.00,0.00,0.00,0.00,0.00,,0.00,1.50,1.00,14.8,14.75,0.25,0.00,0.00,0.25,,,3.00,3.98,15.9,3.48,,9.25,
243,Tyron Johnson\JohnTy03,LAC,WR,24,2,0,0.00,0.00,0.00,0.00,0.00,0.50,3.50,7.00,0.00,0.50,0.50,26.5,53.00,0.50,0.00,0.00,0.50,,,6.00,6.50,13.0,6.25,,49.5,
244,Drew Lock\LockDr00,DEN,QB,24,2,2,11.5,19.0,118.0,0.50,0.00,1.50,2.50,1.67,0.00,0.00,0.00,0.00,,0.00,1.50,0.50,0.00,,,6.00,5.95,12.9,5.95,,18.5,
245,Foster Moreau\MoreFo00,LVR,TE,23,5,1,0.00,0.00,0.00,0.00,0.00,0.00,0.00,,0.00,0.80,0.80,12.8,16.00,0.20,0.00,0.00,0.20,,,2.40,3.28,16.4,2.88,,6.80,
246,Zack Moss\MossZa00,BUF,RB,23,2,0,0.00,0.00,0.00,0.00,0.00,8.50,24.0,2.82,0.00,2.00,1.50,8.00,5.33,0.50,0.00,0.00,0.50,,,6.00,7.70,15.4,6.95,,34.5,
247,David Njoku\NjokDa00,CLE,TE,24,2,0,0.00,0.00,0.00,0.00,0.00,0.00,0.00,,0.00,2.00,2.00,28.0,14.00,0.50,0.00,0.00,0.50,,,6.00,7.80,15.6,6.80,,19.0,
248,James O'Shaughnessy\O'ShJa00,JAX,TE,28,5,5,0.00,0.00,0.00,0.00,0.00,0.00,0.00,,0.00,2.80,2.40,23.0,9.58,0.00,0.00,0.00,0.00,,,2.40,4.70,26.5,3.50,,8.00,
249,Drew Sample\SampDr00,CIN,TE,24,5,2,0.00,0.00,0.00,0.00,0.00,0.00,0.00,,0.00,3.60,2.80,24.4,8.71,0.00,0.00,0.00,0.00,,,2.40,5.24,29.2,3.84,,7.00,
250,Benny Snell Jr.\SnelBe00,PIT,RB,22,4,0,0.00,0.00,0.00,0.00,0.00,9.00,37.0,4.11,0.00,0.50,0.25,-1.00,-4.00,0.00,0.50,0.25,0.00,,,3.00,3.35,17.4,3.23,,17.0,
251,Jordan Wilkins\WilkJo01,IND,RB,26,5,0,0.00,0.00,0.00,0.00,0.00,5.60,19.0,3.39,0.00,0.40,0.40,4.40,11.00,0.00,0.00,0.00,0.00,,,2.40,2.74,13.7,2.54,,14.2,
252,C.J. Beathard\BeatC.00,SFO,QB,27,2,0,11.5,18.5,116.0,0.50,0.00,0.00,0.00,,0.00,0.00,0.00,0.00,,0.00,0.50,0.50,0.00,,,5.50,5.65,12.3,5.65,,19.5,
253,Le'Veon Bell\BellLe00,NYJ,RB,28,2,2,0.00,0.00,0.00,0.00,0.00,9.50,37.0,3.89,0.00,1.50,1.50,19.5,13.00,0.00,0.00,0.00,0.00,,,5.50,7.15,14.3,6.40,,37.0,
254,Miles Boykin\BoykMi00,BAL,WR,24,5,3,0.00,0.00,0.00,0.00,0.00,0.00,0.00,,0.00,3.40,2.00,22.2,11.10,0.00,0.00,0.00,0.00,,,2.20,4.22,24.1,3.22,,20.4,
255,Cameron Brate\BratCa00,TAM,TE,29,5,0,0.00,0.00,0.00,0.00,0.00,0.00,0.00,,0.00,1.60,1.20,9.40,7.83,0.20,0.00,0.00,0.20,,,2.20,3.34,16.7,2.74,,8.20,
256,Jakeem Grant\GranJa00,MIA,WR,28,5,0,0.00,0.00,0.00,0.00,0.00,0.40,3.40,8.50,0.00,2.60,1.80,17.6,9.78,0.00,0.20,0.00,0.00,,,2.20,3.90,19.5,3.00,,21.2,
257,Marvin Hall\HallMa02,DET,WR,27,4,1,0.00,0.00,0.00,0.00,0.00,0.00,0.00,,0.00,1.25,0.50,12.5,25.00,0.25,0.00,0.00,0.25,,,2.75,3.25,13.0,3.00,,25.8,
258,Collin Johnson\JohnCo01,JAX,WR,23,5,0,0.00,0.00,0.00,0.00,0.00,0.00,0.00,,0.00,2.00,1.00,9.40,9.40,0.20,0.00,0.00,0.20,,,2.20,3.14,15.7,2.64,,21.0,
259,Brett Rypien\RypiBr00,DEN,QB,24,2,1,13.5,20.0,147.5,1.00,2.00,2.50,-2.50,-1.00,0.00,0.00,0.00,0.00,,0.00,0.50,0.00,0.00,,,5.50,5.65,15.3,7.65,,19.0,
260,Boston Scott\ScotBo02,PHI,RB,25,5,1,0.00,0.00,0.00,0.00,0.00,3.80,12.6,3.32,0.00,1.20,1.00,8.60,8.60,0.00,0.00,0.00,0.00,,,2.20,3.12,15.6,2.62,,15.2,
261,Mike Thomas\ThomMi04,CIN,WR,26,5,0,0.00,0.00,0.00,0.00,0.00,0.20,0.20,1.00,0.00,2.20,2.00,13.6,6.80,0.20,0.20,0.20,0.20,,,2.20,4.18,21.9,3.18,,20.8,
262,James White\WhitJa02,NWE,RB,28,2,0,0.00,0.00,0.00,0.00,0.00,4.00,21.5,5.38,0.00,5.50,5.00,34.0,6.80,0.00,0.00,0.00,0.00,,,5.50,10.6,21.1,8.05,,37.5,
263,Kyle Allen\AlleKy00,WAS,QB,24,1,1,9.00,13.0,74.0,0.00,0.00,1.00,7.00,7.00,1.00,0.00,0.00,0.00,,0.00,0.00,0.00,1.00,,,10.0,9.70,9.7,9.70,,40.0,
264,Dan Arnold\ArnoDa00,ARI,TE,25,5,3,0.00,0.00,0.00,0.00,0.00,0.00,0.00,,0.00,2.40,1.80,19.4,10.78,0.00,0.20,0.00,0.00,,,2.00,3.74,18.7,2.84,,8.40,
265,Quintez Cephus\CephQu00,DET,WR,22,4,1,0.00,0.00,0.00,0.00,0.00,0.00,0.00,,0.00,3.25,1.50,24.3,16.17,0.00,0.00,0.00,0.00,,,2.50,3.92,15.7,3.17,,27.5,
266,Bryan Edwards\EdwaBr01,LVR,WR,22,3,3,0.00,0.00,0.00,0.00,0.00,0.00,0.00,,0.00,2.00,1.67,33.0,19.80,0.00,0.00,0.00,0.00,,,3.33,4.97,14.9,4.13,,36.3,
267,Wayne Gallman\GallWa00,NYG,RB,26,4,1,0.00,0.00,0.00,0.00,0.00,3.75,19.0,5.07,0.00,1.50,1.25,5.25,4.20,0.00,0.00,0.00,0.00,,,2.50,3.67,14.7,3.05,,19.5,
268,Damien Harris\HarrDa06,NWE,RB,23,1,1,0.00,0.00,0.00,0.00,0.00,17.0,100.0,5.88,0.00,0.00,0.00,0.00,,0.00,0.00,0.00,0.00,,,10.0,10.0,13.0,10.0,,77.0,
269,Rashard Higgins\HiggRa00,CLE,WR,26,3,1,0.00,0.00,0.00,0.00,0.00,0.00,0.00,,0.00,1.33,1.33,13.3,10.00,0.33,0.00,0.00,0.33,,,3.33,4.67,14.0,4.00,,36.0,
270,Jalen Reagor\ReagJa00,PHI,WR,21,2,2,0.00,0.00,0.00,0.00,0.00,0.00,0.00,,0.00,4.00,2.50,48.0,19.20,0.00,0.50,0.00,0.00,,,5.00,7.30,14.6,6.05,,55.5,
271,Jeff Smith\SmitJe03,NYJ,WR,23,2,2,0.00,0.00,0.00,0.00,0.00,0.00,0.00,,0.00,10.0,5.00,52.0,10.40,0.00,0.00,0.00,0.00,,,5.00,10.2,23.4,7.70,,53.5,
272,Saquon Barkley\BarkSa00,NYG,RB,23,2,2,0.00,0.00,0.00,0.00,0.00,9.50,17.0,1.79,0.00,4.50,3.00,30.0,10.00,0.00,0.00,0.00,0.00,,,4.50,7.70,15.4,6.20,,39.5,
273,Nick Boyle\BoylNi00,BAL,TE,27,5,5,0.00,0.00,0.00,0.00,0.00,0.00,0.00,,0.00,1.60,1.20,6.00,5.00,0.20,0.00,0.00,0.20,,,1.80,3.00,15.0,2.40,,8.80,
274,Parris Campbell\CampPa00,IND,WR,23,2,2,0.00,0.00,0.00,0.00,0.00,1.00,8.00,8.00,0.00,4.50,3.00,35.5,11.83,0.00,0.00,0.00,0.00,,,4.50,7.35,14.7,5.85,,57.0,
275,KJ Hamler\HamlKJ00,DEN,WR,21,3,2,0.00,0.00,0.00,0.00,0.00,0.67,2.33,3.50,0.00,4.00,2.00,26.0,13.00,0.00,0.00,0.00,0.00,,,3.00,4.83,14.5,3.83,,38.7,
276,Deonte Harris\HarrDe07,NOR,WR,23,4,2,0.00,0.00,0.00,0.00,0.00,1.00,7.50,7.50,0.00,2.75,1.75,13.8,7.86,0.00,0.25,0.00,0.00,,,2.25,3.88,15.5,3.00,,28.8,
277,Jacob Hollister\HollJa03,SEA,TE,27,5,0,0.00,0.00,0.00,0.00,0.00,0.00,0.00,,0.00,0.60,0.40,2.00,5.00,0.20,0.00,0.00,0.20,0.20,,1.80,2.20,11.0,2.00,,8.60,
278,Olabisi Johnson\JohnOl00,MIN,WR,23,5,2,0.00,0.00,0.00,0.00,0.00,0.00,0.00,,0.00,1.80,1.00,18.6,18.60,0.00,0.00,0.00,0.00,,,1.80,2.86,14.3,2.36,,22.6,
279,Tyrod Taylor\TaylTy00,LAC,QB,31,1,1,16.0,30.0,208.0,0.00,0.00,6.00,7.00,1.17,0.00,0.00,0.00,0.00,,0.00,0.00,0.00,0.00,,,9.00,9.00,9.0,9.00,,41.0,
280,Ian Thomas\ThomIa00,CAR,TE,24,5,4,0.00,0.00,0.00,0.00,0.00,0.00,0.00,,0.00,2.00,1.00,6.00,6.00,0.20,0.00,0.00,0.20,,,1.80,2.80,14.0,2.30,,9.00,
281,Justin Watson\WatsJu01,TAM,WR,25,3,2,0.00,0.00,0.00,0.00,0.00,0.00,0.00,,0.00,3.67,2.33,31.3,13.43,0.00,0.00,0.00,0.00,,,3.00,5.47,16.4,4.30,,37.3,
282,Darrel Williams\WillDa10,KAN,RB,25,5,0,0.00,0.00,0.00,0.00,0.00,2.20,7.00,3.18,0.00,2.20,1.20,7.00,5.83,0.00,0.00,0.00,0.00,0.20,,1.80,3.00,15.0,2.40,,16.0,
283,Jason Witten\WittJa00,LVR,TE,38,5,5,0.00,0.00,0.00,0.00,0.00,0.00,0.00,,0.00,1.20,1.20,5.80,4.83,0.20,0.00,0.00,0.20,,,1.80,2.98,14.9,2.38,,9.20,
284,Josh Adams\AdamJo03,NYJ,RB,24,2,0,0.00,0.00,0.00,0.00,0.00,1.50,4.00,2.67,0.50,1.00,1.00,7.00,7.00,0.00,0.00,0.00,0.50,,,4.00,5.10,10.2,4.60,,40.5,
285,Kalen Ballage\BallKa00,NYJ,RB,25,3,0,0.00,0.00,0.00,0.00,0.00,1.00,4.33,4.33,0.00,3.33,3.00,22.3,7.44,0.00,0.00,0.00,0.00,,,2.67,5.67,17.0,4.17,,27.3,
286,Noah Brown\BrowNo00,DAL,WR,24,5,0,0.00,0.00,0.00,0.00,0.00,0.00,0.00,,0.00,1.60,1.40,16.0,11.43,0.00,0.00,0.00,0.00,,,1.60,3.00,15.0,2.30,,23.8,
287,Royce Freeman\FreeRo00,DEN,RB,24,4,0,0.00,0.00,0.00,0.00,0.00,2.25,7.50,3.33,0.00,1.25,1.25,12.3,9.80,0.00,0.00,0.00,0.00,,,2.00,3.23,12.9,2.60,,20.8,
288,Chris Herndon\HernCh00,NYJ,TE,24,5,4,0.00,0.00,0.00,0.00,0.00,0.00,0.00,,0.00,4.40,2.60,19.6,7.54,0.00,0.20,0.20,0.00,,,1.60,4.16,21.8,2.86,,9.80,
289,John Hightower\HighJo00,PHI,WR,24,5,3,0.00,0.00,0.00,0.00,0.00,0.00,0.00,,0.00,3.00,1.40,11.4,8.14,0.00,0.00,0.00,0.00,0.20,,1.60,2.94,14.7,2.24,,24.4,
290,Van Jefferson\JeffVa00,LAR,WR,24,5,0,0.00,0.00,0.00,0.00,0.00,0.20,-0.20,-1.00,0.00,2.00,1.00,15.2,15.20,0.00,0.20,0.00,0.00,,,1.60,2.50,12.5,2.00,,24.6,
291,Duke Johnson\JohnDu00,HOU,RB,27,3,0,0.00,0.00,0.00,0.00,0.00,4.33,15.3,3.54,0.00,2.00,1.33,10.7,8.00,0.00,0.00,0.00,0.00,,,2.67,3.93,11.8,3.27,,28.0,
292,Marcus Johnson\JohnMa07,IND,WR,26,2,1,0.00,0.00,0.00,0.00,0.00,0.00,0.00,,0.00,2.00,2.00,40.0,20.00,0.00,0.00,0.00,0.00,,,4.00,6.00,12.0,5.00,,60.0,
293,Marcedes Lewis\LewiMa00,GNB,TE,36,3,3,0.00,0.00,0.00,0.00,0.00,0.00,0.00,,0.00,1.00,0.67,7.33,11.00,0.33,0.00,0.00,0.33,,,2.67,3.40,10.2,3.07,,15.7,
294,Ray-Ray McCloud\McClRa00,PIT,WR,24,4,1,0.00,0.00,0.00,0.00,0.00,0.50,15.8,31.50,0.00,0.75,0.75,3.00,4.00,0.00,0.00,0.00,0.00,,,2.00,2.63,10.5,2.25,,31.0,
295,Donald Parham\ParhDo00,LAC,TE,23,2,0,0.00,0.00,0.00,0.00,0.00,0.00,0.00,,0.00,1.00,0.50,9.50,19.00,0.50,0.00,0.00,0.50,,,4.00,4.45,8.9,4.20,,24.0,
296,MyCole Pruitt\PruiMy00,TEN,TE,28,3,1,0.00,0.00,0.00,0.00,0.00,0.00,0.00,,0.00,1.00,1.00,5.67,5.67,0.33,0.00,0.00,0.33,,,2.67,3.57,10.7,3.07,,17.0,
297,Sterling Shepard\ShepSt00,NYG,WR,27,2,2,0.00,0.00,0.00,0.00,0.00,0.50,3.00,6.00,0.00,5.00,4.00,38.0,9.50,0.00,0.00,0.00,0.00,,,4.00,8.10,16.2,6.10,,59.0,
298,Steven Sims\SimsSt00,WAS,WR,23,3,2,0.00,0.00,0.00,0.00,0.00,0.00,0.00,,0.00,2.67,2.00,34.3,17.17,0.00,0.67,0.33,0.00,,,2.67,4.77,18.3,3.77,,39.0,
299,Irv Smith Jr.\SmitIr01,MIN,TE,22,5,2,0.00,0.00,0.00,0.00,0.00,0.00,0.00,,0.00,2.20,1.20,15.6,13.00,0.00,0.00,0.00,0.00,,,1.60,2.76,13.8,2.16,,10.0,
300,Javon Wims\WimsJa00,CHI,WR,26,5,1,0.00,0.00,0.00,0.00,0.00,0.00,0.00,,0.00,1.00,0.60,3.60,6.00,0.20,0.00,0.00,0.20,,,1.60,2.16,10.8,1.86,,24.2,
301,Blake Bell\BellBl00,DAL,TE,29,5,0,0.00,0.00,0.00,0.00,0.00,0.00,0.00,,0.00,1.40,1.00,14.2,14.20,0.00,0.00,0.00,0.00,,,1.40,2.42,12.1,1.92,,10.6,
302,Tyler Ervin\ErviTy00,GNB,RB,27,4,0,0.00,0.00,0.00,0.00,0.00,1.00,10.8,10.75,0.00,1.50,1.25,6.50,5.20,0.00,0.00,0.00,0.00,,,1.75,2.98,11.9,2.35,,21.8,
303,Anthony Firkser\FirkAn00,TEN,TE,25,4,1,0.00,0.00,0.00,0.00,0.00,0.00,0.00,,0.00,2.75,2.25,17.3,7.67,0.00,0.00,0.00,0.00,,,1.75,3.98,15.9,2.85,,13.5,
304,Jakob Johnson\JohnJa12,NWE,RB,26,4,3,0.00,0.00,0.00,0.00,0.00,0.00,0.00,,0.00,0.50,0.50,1.75,3.50,0.25,0.00,0.00,0.25,,,1.75,2.17,8.7,1.93,,22.0,
305,Dawson Knox\KnoxDa00,BUF,TE,24,4,3,0.00,0.00,0.00,0.00,0.00,0.00,0.00,,0.00,3.00,1.50,23.3,15.50,0.00,0.25,0.25,0.00,,,1.75,3.33,14.3,2.58,,13.0,
306,Michael Pittman Jr.\PittMi01,IND,WR,23,3,1,0.00,0.00,0.00,0.00,0.00,0.00,0.00,,0.00,4.00,3.00,24.3,8.11,0.00,0.00,0.00,0.00,,,2.33,5.43,16.3,3.93,,41.7,
307,Richard Rodgers\RodgRi00,PHI,TE,28,5,1,0.00,0.00,0.00,0.00,0.00,0.00,0.00,,0.00,1.40,1.20,13.6,11.33,0.00,0.00,0.00,0.00,,,1.40,2.56,12.8,1.96,,11.0,
308,Deebo Samuel\SamuDe00,SFO,WR,24,2,1,0.00,0.00,0.00,0.00,0.00,1.00,6.50,6.50,0.00,5.50,2.50,27.0,10.80,0.00,0.00,0.00,0.00,,,3.50,5.85,11.7,4.60,,63.0,
309,Adam Shaheen\ShahAd00,MIA,TE,26,5,1,0.00,0.00,0.00,0.00,0.00,0.00,0.00,,0.00,0.80,0.40,1.40,3.50,0.20,0.00,0.00,0.20,,,1.40,1.74,8.7,1.54,,11.2,
310,Anthony Sherman\SherAn00,KAN,RB,32,5,0,0.00,0.00,0.00,0.00,0.00,0.40,0.40,1.00,0.00,0.20,0.20,1.00,5.00,0.20,0.00,0.00,0.20,,,1.40,1.54,7.7,1.44,,17.8,
311,Courtland Sutton\SuttCo00,DEN,WR,25,1,1,0.00,0.00,0.00,0.00,0.00,0.00,0.00,,0.00,6.00,3.00,66.0,22.00,0.00,0.00,0.00,0.00,,,7.00,9.60,9.6,8.10,,127.0,
312,J.J. Taylor\TaylJJ01,NWE,RB,22,3,0,0.00,0.00,0.00,0.00,0.00,5.33,23.3,4.38,0.00,0.67,0.33,1.33,4.00,0.00,0.00,0.00,0.00,,,2.33,2.80,8.4,2.63,,28.3,
313,Ke'Shawn Vaughn\VaugKe00,TAM,RB,23,3,0,0.00,0.00,0.00,0.00,0.00,1.00,1.33,1.33,0.00,2.00,1.33,9.00,6.75,0.33,0.33,0.33,0.33,,,2.33,3.70,12.1,3.03,,28.7,
314,C.J. Board\BoarC.00,NYG,WR,27,5,3,0.00,0.00,0.00,0.00,0.00,0.20,0.60,3.00,0.00,1.60,1.20,11.6,9.67,0.00,0.00,0.00,0.00,,,1.20,2.42,12.1,1.82,,26.0,
315,Tevin Coleman\ColeTe01,SFO,RB,27,2,0,0.00,0.00,0.00,0.00,0.00,9.00,15.0,1.67,0.00,2.00,1.50,17.0,11.33,0.00,0.00,0.00,0.00,,,3.00,4.70,9.4,3.95,,45.0,
316,Darrell Daniels\DaniDa02,ARI,TE,26,5,4,0.00,0.00,0.00,0.00,0.00,0.00,0.00,,0.00,1.00,0.80,12.2,15.25,0.00,0.00,0.00,0.00,,,1.20,2.02,10.1,1.62,,11.6,
317,Jack Doyle\DoylJa00,IND,TE,30,4,4,0.00,0.00,0.00,0.00,0.00,0.00,0.00,,0.00,1.75,1.00,15.3,15.25,0.00,0.00,0.00,0.00,,,1.50,2.52,10.1,2.02,,14.8,
318,Reggie Gilliam\GillRe00,BUF,TE,23,5,0,0.00,0.00,0.00,0.00,0.00,0.00,0.00,,0.00,0.20,0.20,0.20,1.00,0.20,0.00,0.00,0.20,,,1.20,1.42,7.1,1.32,,12.0,
319,Tyler Johnson\JohnTy00,TAM,WR,22,3,1,0.00,0.00,0.00,0.00,0.00,0.00,0.00,,0.00,2.00,1.33,20.3,15.25,0.00,0.00,0.00,0.00,,,2.00,3.37,10.1,2.70,,43.7,
320,Marlon Mack\MackMa00,IND,RB,24,1,1,0.00,0.00,0.00,0.00,0.00,4.00,26.0,6.50,0.00,3.00,3.00,30.0,10.00,0.00,0.00,0.00,0.00,,,6.00,8.60,8.6,7.10,,92.0,
321,Anthony McFarland Jr.\McFaAn00,PIT,RB,21,2,0,0.00,0.00,0.00,0.00,0.00,4.50,24.0,5.33,0.00,1.00,0.50,3.50,7.00,0.00,0.00,0.00,0.00,,,3.00,3.25,6.5,3.00,,47.0,
322,La'Mical Perine\PeriLa00,NYJ,RB,22,4,0,0.00,0.00,0.00,0.00,0.00,3.75,14.0,3.73,0.00,0.50,0.50,-0.25,-0.50,0.00,0.00,0.00,0.00,,,1.50,1.88,7.5,1.63,,23.8,
323,Damion Ratley\RatlDa00,NYG,WR,25,5,0,0.00,0.00,0.00,0.00,0.00,0.00,0.00,,0.00,2.00,0.80,12.6,15.75,0.00,0.20,0.00,0.00,,,1.20,2.06,10.3,1.66,,25.6,
324,Patrick Ricard\RicaPa00,BAL,RB,26,5,3,0.00,0.00,0.00,0.00,0.00,0.20,-0.20,-1.00,0.00,0.80,0.60,3.40,5.67,0.20,0.20,0.20,0.20,,,1.20,1.72,9.6,1.42,,18.6,
325,Ito Smith\SmitIt00,ATL,RB,25,5,0,0.00,0.00,0.00,0.00,0.00,2.20,6.60,3.00,0.00,1.60,1.20,5.20,4.33,0.00,0.00,0.00,0.00,,,1.20,2.38,11.9,1.78,,18.2,
326,Lee Smith\SmitLe00,BUF,WR,33,1,0,0.00,0.00,0.00,0.00,0.00,0.00,0.00,,0.00,1.00,1.00,1.00,1.00,1.00,0.00,0.00,1.00,,,6.00,7.10,7.1,6.60,,132.0,
327,Auden Tate\TateAu00,CIN,WR,23,4,1,0.00,0.00,0.00,0.00,0.00,0.00,0.00,,0.00,1.50,1.00,14.0,14.00,0.00,0.00,0.00,0.00,,,1.50,2.40,9.6,1.90,,33.3,
328,Jordan Thomas\ThomJo05,ARI,TE,24,3,0,0.00,0.00,0.00,0.00,0.00,0.00,0.00,,0.00,0.33,0.33,1.00,3.00,0.33,0.00,0.00,0.33,,,2.00,2.43,7.3,2.27,,19.0,
329,Isaiah Wright\WrigIs01,WAS,WR,23,4,2,0.00,0.00,0.00,0.00,0.00,0.50,3.75,7.50,0.00,3.00,2.25,11.8,5.22,0.00,0.25,0.00,0.00,,,1.50,3.80,15.2,2.67,,32.3,
330,Christian Blake\BlakCh00,ATL,WR,24,5,0,0.00,0.00,0.00,0.00,0.00,0.00,0.00,,0.00,1.00,0.60,9.40,15.67,0.00,0.00,0.00,0.00,,,1.00,1.54,7.7,1.24,,27.4,
331,Trey Burton\BurtTr01,IND,TE,29,2,0,0.00,0.00,0.00,0.00,0.00,0.00,0.00,,0.00,5.50,3.50,24.5,7.00,0.00,0.00,0.00,0.00,,,2.50,5.95,11.9,4.20,,31.0,
332,Marquez Callaway\CallMa01,NOR,WR,22,4,1,0.00,0.00,0.00,0.00,0.00,0.00,0.00,,0.00,1.75,1.25,12.5,10.00,0.00,0.00,0.00,0.00,,,1.25,2.50,10.0,1.88,,34.0,
333,Ross Dwelley\DwelRo00,SFO,TE,25,5,2,0.00,0.00,0.00,0.00,0.00,0.00,0.00,,0.00,1.00,1.00,10.8,10.80,0.00,0.00,0.00,0.00,,,1.00,2.08,10.4,1.58,,12.2,
334,KhaDarel Hodge\HodgKh00,CLE,WR,25,3,0,0.00,0.00,0.00,0.00,0.00,0.00,0.00,,0.00,2.00,1.00,17.0,17.00,0.00,0.00,0.00,0.00,,,1.67,2.70,8.1,2.20,,44.7,
335,LeSean McCoy\McCoLe01,TAM,RB,32,4,0,0.00,0.00,0.00,0.00,0.00,0.50,-0.50,-1.00,0.00,3.25,2.25,13.8,6.11,0.00,0.00,0.00,0.00,,,1.25,3.58,14.3,2.45,,24.0,
336,Vance McDonald\McDoVa00,PIT,TE,30,4,3,0.00,0.00,0.00,0.00,0.00,0.00,0.00,,0.00,2.00,1.50,11.3,7.50,0.00,0.00,0.00,0.00,,,1.25,2.63,10.5,1.88,,16.0,
337,Demarcus Robinson\RobiDe01,KAN,WR,26,5,1,0.00,0.00,0.00,0.00,0.00,0.00,0.00,,0.00,3.00,1.60,10.0,6.25,0.00,0.00,0.00,0.00,,,1.00,2.60,13.0,1.80,,27.0,
338,Kaden Smith\SmitKa00,NYG,TE,23,5,4,0.00,0.00,0.00,0.00,0.00,0.00,0.00,,0.00,1.80,1.40,9.20,6.57,0.00,0.20,0.00,0.00,,,1.00,2.32,11.6,1.62,,12.6,
339,JJ Arcega-Whiteside\ArceJJ00,PHI,WR,24,4,0,0.00,0.00,0.00,0.00,0.00,0.00,0.00,,0.00,0.75,0.25,9.25,37.00,0.00,0.00,0.00,0.00,,,1.00,1.18,4.7,1.05,,35.0,
340,Cameron Batson\BatsCa00,TEN,WR,25,2,1,0.00,0.00,0.00,0.00,0.00,0.50,5.50,11.00,0.00,1.00,1.00,13.0,13.00,0.00,0.00,0.00,0.00,,,2.00,2.85,5.7,2.35,,70.5,
341,Lawrence Cager\CageLa01,NYJ,WR,23,2,1,0.00,0.00,0.00,0.00,0.00,0.00,0.00,,0.00,3.00,1.00,17.5,17.50,0.00,0.00,0.00,0.00,,,2.00,2.75,5.5,2.25,,71.5,
342,Ashton Dulin\DuliAs00,IND,WR,23,5,0,0.00,0.00,0.00,0.00,0.00,0.20,0.60,3.00,0.00,0.60,0.40,8.00,20.00,0.00,0.00,0.00,0.00,,,0.80,1.26,6.3,1.06,,27.6,
343,Ted Ginn Jr.\GinnTe00,CHI,WR,35,4,0,0.00,0.00,0.00,0.00,0.00,0.00,0.00,,0.00,1.50,0.75,10.0,13.33,0.00,0.00,0.00,0.00,,,1.00,1.75,7.0,1.38,,34.8,
344,Ryan Izzo\IzzoRy00,NWE,TE,25,4,4,0.00,0.00,0.00,0.00,0.00,0.00,0.00,,0.00,2.00,0.75,11.0,14.67,0.00,0.00,0.00,0.00,,,1.00,1.85,7.4,1.48,,16.3,
345,Phillip Lindsay\LindPh00,DEN,RB,26,1,1,0.00,0.00,0.00,0.00,0.00,7.00,24.0,3.43,0.00,1.00,1.00,11.0,11.00,0.00,0.00,0.00,0.00,,,4.00,4.50,4.5,4.00,,98.0,
346,Jeremy McNichols\McNiJe00,TEN,RB,25,4,0,0.00,0.00,0.00,0.00,0.00,2.75,8.75,3.18,0.00,0.75,0.50,2.00,4.00,0.00,0.00,0.00,0.00,,,1.00,1.57,6.3,1.32,,24.3,
347,Durham Smythe\SmytDu00,MIA,TE,25,4,3,0.00,0.00,0.00,0.00,0.00,0.00,0.00,,0.00,0.75,0.75,9.25,12.33,0.00,0.00,0.00,0.00,,,1.00,1.68,6.7,1.30,,16.5,
348,Jace Sternberger\SterJa00,GNB,TE,24,4,0,0.00,0.00,0.00,0.00,0.00,0.00,0.00,,0.00,1.25,0.75,9.00,12.00,0.00,0.00,0.00,0.00,,,1.00,1.65,6.6,1.27,,16.8,
349,Trent Taylor\TaylTr02,SFO,WR,26,5,0,0.00,0.00,0.00,0.00,0.00,0.00,0.00,,0.00,2.00,1.00,7.40,7.40,0.00,0.00,0.00,0.00,,,0.80,1.74,8.7,1.24,,28.4,
350,Jamal Agnew\AgneJa00,DET,WR,25,4,0,0.00,0.00,0.00,0.00,0.00,0.50,1.00,2.00,0.00,1.50,1.00,5.25,5.25,0.00,0.00,0.00,0.00,,,0.75,1.63,6.5,1.13,,37.5,
351,Cethan Carter\CartCe00,CIN,TE,25,5,2,0.00,0.00,0.00,0.00,0.00,0.00,0.00,,0.00,0.40,0.40,5.00,12.50,0.00,0.00,0.00,0.00,,,0.60,0.90,4.5,0.70,,14.2,
352,Corey Clement\ClemCo00,PHI,RB,26,5,0,0.00,0.00,0.00,0.00,0.00,2.20,6.00,2.73,0.00,0.40,0.40,0.40,1.00,0.00,0.00,0.00,0.00,,,0.60,1.04,5.2,0.84,,20.0,
353,AJ Dillon\DillAJ00,GNB,RB,22,4,0,0.00,0.00,0.00,0.00,0.00,2.00,8.50,4.25,0.00,0.00,0.00,0.00,,0.00,0.00,0.00,0.00,,,0.75,0.85,3.4,0.85,,24.8,
354,Antonio Gandy-Golden\GandAn00,WAS,WR,22,4,1,0.00,0.00,0.00,0.00,0.00,0.25,5.50,22.00,0.00,0.75,0.25,0.75,3.00,0.00,0.00,0.00,0.00,,,0.75,0.88,3.5,0.75,,37.8,
355,DaeSean Hamilton\HamiDa01,DEN,WR,25,4,1,0.00,0.00,0.00,0.00,0.00,0.00,0.00,,0.00,2.25,0.75,8.00,10.67,0.00,0.00,0.00,0.00,,,0.75,1.55,6.2,1.18,,36.0,
356,Demetrius Harris\HarrDe03,CHI,TE,29,5,3,0.00,0.00,0.00,0.00,0.00,0.00,0.00,,0.00,1.60,1.00,6.00,6.00,0.00,0.00,0.00,0.00,,,0.60,1.60,8.0,1.10,,13.8,
357,Jalen Hurts\HurtJa00,PHI,QB,22,4,0,0.25,0.25,4.50,0.00,0.00,1.25,6.50,5.20,0.00,0.00,0.00,0.00,,0.00,0.50,0.00,0.00,,,0.75,0.82,3.3,0.82,,10.5,
358,KeeSean Johnson\JohnKe07,ARI,WR,24,2,0,0.00,0.00,0.00,0.00,0.00,0.00,0.00,,0.00,4.00,1.50,14.5,9.67,0.00,0.00,0.00,0.00,,,1.50,2.95,5.9,2.20,,73.0,
359,Josh Malone\MaloJo00,NYJ,WR,24,4,0,0.00,0.00,0.00,0.00,0.00,0.25,3.00,12.00,0.00,1.50,1.00,4.00,4.00,0.00,0.00,0.00,0.00,,,0.75,1.70,6.8,1.20,,37.0,
360,Chris Manhertz\ManhCh00,CAR,TE,28,5,3,0.00,0.00,0.00,0.00,0.00,0.00,0.00,,0.00,0.60,0.60,5.80,9.67,0.00,0.00,0.00,0.00,,,0.60,1.18,5.9,0.88,,14.0,
361,Breshad Perriman\PerrBr02,NYJ,WR,27,2,2,0.00,0.00,0.00,0.00,0.00,0.00,0.00,,0.00,3.50,2.50,14.5,5.80,0.00,0.00,0.00,0.00,,,1.50,3.95,7.9,2.70,,73.5,
362,Brandon Powell\PoweBr00,ATL,WR,24,5,0,0.00,0.00,0.00,0.00,0.00,0.00,0.00,,0.00,1.00,0.60,5.40,9.00,0.00,0.00,0.00,0.00,,,0.60,1.14,5.7,0.84,,29.8,
363,Seth Roberts\RobeSe00,CAR,WR,29,5,0,0.00,0.00,0.00,0.00,0.00,0.00,0.00,,0.00,1.20,0.80,6.20,7.75,0.00,0.00,0.00,0.00,,,0.60,1.42,7.1,1.02,,29.0,
364,Jarrett Stidham\StidJa00,NWE,QB,24,1,0,5.00,13.0,60.0,1.00,2.00,2.00,3.00,1.50,0.00,0.00,0.00,0.00,,0.00,0.00,0.00,0.00,,,3.00,2.70,4.7,4.70,,43.0,
365,Adam Trautman\TrauAd00,NOR,TE,23,4,1,0.00,0.00,0.00,0.00,0.00,0.00,0.00,,0.00,0.75,0.75,8.50,11.33,0.00,0.00,0.00,0.00,,,0.75,1.60,6.4,1.23,,17.0,
366,Alex Armah\ArmaAl00,CAR,RB,26,5,1,0.00,0.00,0.00,0.00,0.00,0.80,1.00,1.25,0.00,0.20,0.20,2.80,14.00,0.00,0.00,0.00,0.00,,,0.40,0.58,2.9,0.48,,21.2,
367,Chad Beebe\BeebCh00,MIN,WR,26,3,0,0.00,0.00,0.00,0.00,0.00,0.00,0.00,,0.00,1.00,0.67,6.00,9.00,0.00,0.00,0.00,0.00,,,0.67,1.27,3.8,0.93,,53.3,
368,Mike Boone\BoonMi00,MIN,RB,25,5,0,0.00,0.00,0.00,0.00,0.00,0.40,3.80,9.50,0.00,0.00,0.00,0.00,,0.00,0.00,0.00,0.00,,,0.40,0.38,1.9,0.38,,21.0,
369,Deontay Burnett\BurnDe00,PHI,WR,23,2,0,0.00,0.00,0.00,0.00,0.00,0.00,0.00,,0.00,2.00,1.50,9.50,6.33,0.00,0.00,0.00,0.00,,,1.00,2.45,4.9,1.70,,79.5,
370,Stephen Carlson\CarlSt00,CLE,,24,5,0,0.00,0.00,0.00,0.00,0.00,0.00,0.00,,0.00,0.20,0.00,0.00,,0.00,0.00,0.00,0.00,0.20,,0.40,0.40,2.0,0.40,,14.8,
371,DeeJay Dallas\DallDe00,SEA,RB,22,3,0,0.00,0.00,0.00,0.00,0.00,0.67,2.67,4.00,0.00,0.67,0.67,5.00,7.50,0.00,0.00,0.00,0.00,,,0.67,1.43,4.3,1.10,,33.7,
372,Andy Dalton\DaltAn00,DAL,QB,33,2,0,4.50,6.00,55.5,0.00,0.00,0.50,0.00,0.00,0.00,0.00,0.00,0.00,,0.00,0.50,0.50,0.00,,,1.00,1.20,3.4,1.20,,22.0,
373,Alex Erickson\EricAl01,CIN,WR,28,5,0,0.00,0.00,0.00,0.00,0.00,0.20,1.40,7.00,0.00,0.20,0.20,1.80,9.00,0.00,0.00,0.00,0.00,,,0.40,0.52,2.6,0.42,,32.8,
374,Darrynton Evans\EvanDa02,TEN,RB,22,2,0,0.00,0.00,0.00,0.00,0.00,2.50,10.5,4.20,0.00,0.00,0.00,0.00,,0.00,0.00,0.00,0.00,,,1.00,1.05,2.1,1.05,,51.0,
375,Daurice Fountain\FounDa00,IND,WR,25,4,0,0.00,0.00,0.00,0.00,0.00,0.00,0.00,,0.00,0.75,0.50,5.75,11.50,0.00,0.00,0.00,0.00,,,0.50,1.07,4.3,0.82,,38.5,
376,Virgil Green\GreeVi00,LAC,TE,32,5,2,0.00,0.00,0.00,0.00,0.00,0.00,0.00,,0.00,0.80,0.40,4.80,12.00,0.00,0.00,0.00,0.00,,,0.40,0.88,4.4,0.68,,14.6,
377,C.J. Ham\HamxC.00,MIN,RB,27,5,3,0.00,0.00,0.00,0.00,0.00,0.40,1.20,3.00,0.00,0.80,0.20,2.20,11.00,0.00,0.00,0.00,0.00,,,0.40,0.54,2.7,0.44,,21.6,
378,Jamycal Hasty\HastJa02,SFO,RB,24,3,0,0.00,0.00,0.00,0.00,0.00,0.67,3.00,4.50,0.00,0.33,0.33,3.00,9.00,0.00,0.00,0.00,0.00,,,0.67,0.93,2.8,0.77,,35.7,
379,Dontrell Hilliard\HillDo00,CLE,RB,25,2,0,0.00,0.00,0.00,0.00,0.00,2.50,9.50,3.80,0.00,0.50,0.50,1.00,2.00,0.00,0.00,0.00,0.00,,,1.00,1.55,3.1,1.30,,52.0,
380,Josh Hill\HillJo02,NOR,TE,30,5,2,0.00,0.00,0.00,0.00,0.00,0.00,0.00,,0.00,1.00,0.60,4.80,8.00,0.00,0.20,0.00,0.00,,,0.40,1.08,5.4,0.78,,14.4,
381,K.J. Hill\HillKJ00,LAC,WR,23,5,0,0.00,0.00,0.00,0.00,0.00,0.00,0.00,,0.00,1.20,0.40,4.60,11.50,0.00,0.00,0.00,0.00,,,0.40,0.86,4.3,0.66,,30.4,
382,Brian Hoyer\HoyeBr00,NWE,QB,35,1,1,15.0,24.0,130.0,0.00,1.00,1.00,8.00,8.00,0.00,0.00,0.00,0.00,,0.00,1.00,1.00,0.00,,,2.00,2.00,4.0,3.00,,45.0,
383,Andy Janovich\JanoAn00,CLE,RB,27,5,1,0.00,0.00,0.00,0.00,0.00,0.40,0.80,2.00,0.00,0.40,0.40,2.60,6.50,0.00,0.00,0.00,0.00,,,0.40,0.74,3.7,0.54,,21.8,
384,Jaydon Mickens\MickJa01,TAM,WR,26,5,0,0.00,0.00,0.00,0.00,0.00,0.00,0.00,,0.00,0.40,0.40,4.40,11.00,0.00,0.00,0.00,0.00,,,0.40,0.84,4.2,0.64,,31.0,
385,Ty Montgomery\MontTy01,NOR,RB,27,2,0,0.00,0.00,0.00,0.00,0.00,0.50,-2.00,-4.00,0.00,1.50,1.00,12.5,12.50,0.00,0.00,0.00,0.00,,,1.00,2.05,4.1,1.55,,51.5,
386,Byron Pringle\PrinBy00,KAN,WR,27,5,0,0.00,0.00,0.00,0.00,0.00,0.00,0.00,,0.00,0.20,0.20,4.60,23.00,0.00,0.00,0.00,0.00,,,0.40,0.66,3.3,0.56,,30.6,
387,John Ross\RossJo00,CIN,WR,26,2,1,0.00,0.00,0.00,0.00,0.00,0.00,0.00,,0.00,3.50,1.00,8.50,8.50,0.00,0.00,0.00,0.00,,,1.00,1.85,3.7,1.35,,81.0,
388,Darrius Shepherd\ShepDa00,GNB,WR,25,2,0,0.00,0.00,0.00,0.00,0.00,0.00,0.00,,0.00,2.00,1.00,10.5,10.50,0.00,0.00,0.00,0.00,,,1.00,2.05,4.1,1.55,,78.0,
389,Cam Sims\SimsCa00,WAS,WR,24,5,0,0.00,0.00,0.00,0.00,0.00,0.00,0.00,,0.00,0.40,0.40,3.40,8.50,0.00,0.00,0.00,0.00,,,0.40,0.74,3.7,0.54,,32.2,
390,Alex Smith\SmitAl03,WAS,QB,36,1,0,9.00,17.0,37.0,0.00,0.00,1.00,1.00,1.00,0.00,0.00,0.00,0.00,,0.00,1.00,0.00,0.00,,,2.00,1.60,1.6,1.60,,46.0,
391,Malik Taylor\TaylMa01,GNB,WR,25,4,1,0.00,0.00,0.00,0.00,0.00,0.00,0.00,,0.00,0.25,0.25,5.00,20.00,0.00,0.00,0.00,0.00,,,0.50,0.75,3.0,0.63,,39.5,
392,Michael Thomas\ThomMi05,NOR,WR,27,1,1,0.00,0.00,0.00,0.00,0.00,0.00,0.00,,0.00,5.00,3.00,17.0,5.67,0.00,0.00,0.00,0.00,,,2.00,4.70,4.7,3.20,,163.0,
393,Isaiah Zuber\ZubeIs00,NWE,WR,23,2,0,0.00,0.00,0.00,0.00,0.00,1.00,10.5,10.50,0.00,0.00,0.00,0.00,,0.00,0.00,0.00,0.00,,,1.00,1.05,2.1,1.05,,78.5,
394,Matt Barkley\BarkMa00,BUF,QB,30,1,0,3.00,5.00,22.0,0.00,0.00,0.00,0.00,,0.00,0.00,0.00,0.00,,0.00,0.00,0.00,0.00,,,1.00,0.90,0.9,0.90,,47.0,
395,Khari Blasingame\BlasKh00,TEN,RB,24,3,1,0.00,0.00,0.00,0.00,0.00,0.00,0.00,,0.00,0.33,0.33,1.67,5.00,0.00,0.00,0.00,0.00,,,0.33,0.50,1.5,0.33,,40.3,
396,Lynn Bowden Jr.\BowdLy00,MIA,RB,23,3,1,0.00,0.00,0.00,0.00,0.00,1.33,3.00,2.25,0.00,0.33,0.33,-0.33,-1.00,0.00,0.00,0.00,0.00,,,0.33,0.60,1.8,0.43,,39.7,
397,Jacoby Brissett\BrisJa00,IND,QB,28,2,0,1.00,2.00,8.50,0.00,0.00,1.00,0.00,0.00,0.00,0.00,0.00,0.00,,0.00,0.00,0.00,0.00,,,0.50,0.35,0.7,0.35,,24.0,
398,Michael Burton\BurtMi00,NOR,RB,28,5,2,0.00,0.00,0.00,0.00,0.00,0.60,1.20,2.00,0.00,0.20,0.20,0.60,3.00,0.00,0.00,0.00,0.00,,,0.20,0.38,1.9,0.28,,22.6,
399,Jake Butt\ButtJa00,DEN,TE,25,4,0,0.00,0.00,0.00,0.00,0.00,0.00,0.00,,0.00,1.00,0.50,1.25,2.50,0.00,0.00,0.00,0.00,,,0.25,0.63,2.5,0.38,,21.0,
400,Tyrie Cleveland\ClevTy00,DEN,WR,23,3,0,0.00,0.00,0.00,0.00,0.00,0.00,0.00,,0.00,0.33,0.33,2.33,7.00,0.00,0.00,0.00,0.00,,,0.33,0.57,1.7,0.40,,58.0,
401,Pharoh Cooper\CoopPh00,CAR,WR,25,5,0,0.00,0.00,0.00,0.00,0.00,0.00,0.00,,0.00,0.20,0.20,2.40,12.00,0.00,0.20,0.00,0.00,,,0.20,0.44,2.2,0.34,,33.2,
402,Chandler Cox\CoxxCh01,MIA,RB,24,5,3,0.00,0.00,0.00,0.00,0.00,0.00,0.00,,0.00,0.40,0.40,1.80,4.50,0.00,0.00,0.00,0.00,,,0.20,0.58,2.9,0.38,,23.4,
403,Josiah Deguara\DeguJo00,GNB,TE,23,2,1,0.00,0.00,0.00,0.00,0.00,0.00,0.00,,0.00,1.00,0.50,6.00,12.00,0.00,0.00,0.00,0.00,,,0.50,1.10,2.2,0.85,,39.0,
404,Bennie Fowler\FowlBe00,NOR,WR,29,5,0,0.00,0.00,0.00,0.00,0.00,0.00,0.00,,0.00,1.20,0.40,2.20,5.50,0.00,0.00,0.00,0.00,,,0.20,0.62,3.1,0.42,,33.6,
405,Cullen Gillaspia\GillCu00,HOU,RB,25,3,0,0.00,0.00,0.00,0.00,0.00,0.00,0.00,,0.00,0.33,0.33,2.00,6.00,0.00,0.00,0.00,0.00,,,0.33,0.53,1.6,0.37,,40.0,
406,Jaeden Graham\GrahJa01,ATL,TE,25,5,0,0.00,0.00,0.00,0.00,0.00,0.00,0.00,,0.00,0.20,0.20,1.40,7.00,0.00,0.00,0.00,0.00,,,0.20,0.34,1.7,0.24,,16.6,
407,Ryan Griffin\GrifRy00,NYJ,TE,30,5,1,0.00,0.00,0.00,0.00,0.00,0.00,0.00,,0.00,1.00,0.60,2.00,3.33,0.00,0.00,0.00,0.00,,,0.20,0.80,4.0,0.50,,15.8,
408,Temarrick Hemingway\HemiTe00,WAS,TE,27,1,0,0.00,0.00,0.00,0.00,0.00,0.00,0.00,,0.00,1.00,1.00,10.0,10.00,0.00,0.00,0.00,0.00,,,1.00,2.00,2.0,1.50,,80.0,
409,Cody Hollister\HollCo00,TEN,WR,27,2,0,0.00,0.00,0.00,0.00,0.00,0.00,0.00,,0.00,0.50,0.50,6.00,12.00,0.00,0.00,0.00,0.00,,,0.50,1.10,2.2,0.85,,82.5,
410,Tanner Hudson\HudsTa00,TAM,TE,26,4,0,0.00,0.00,0.00,0.00,0.00,0.00,0.00,,0.00,1.00,0.25,2.25,9.00,0.00,0.00,0.00,0.00,,,0.25,0.47,1.9,0.35,,20.3,
411,Blake Jarwin\JarwBl00,DAL,TE,26,1,1,0.00,0.00,0.00,0.00,0.00,0.00,0.00,,0.00,1.00,1.00,12.0,12.00,0.00,0.00,0.00,0.00,,,1.00,2.20,2.2,1.70,,76.0,
412,Cole Kmet\KmetCo00,CHI,TE,21,5,3,0.00,0.00,0.00,0.00,0.00,0.00,0.00,,0.00,0.60,0.20,2.40,12.00,0.00,0.00,0.00,0.00,,,0.20,0.44,2.2,0.34,,15.4,
413,Patrick Laird\LairPa00,MIA,RB,25,5,0,0.00,0.00,0.00,0.00,0.00,0.00,0.00,,0.00,0.40,0.40,1.80,4.50,0.00,0.00,0.00,0.00,,,0.20,0.58,2.9,0.38,,23.2,
414,Jakobi Meyers\MeyeJa01,NWE,WR,24,3,0,0.00,0.00,0.00,0.00,0.00,0.00,0.00,,0.00,0.33,0.33,2.33,7.00,0.00,0.00,0.00,0.00,,,0.33,0.57,1.7,0.40,,57.7,
415,Johnny Mundt\MundJo00,LAR,TE,26,5,0,0.00,0.00,0.00,0.00,0.00,0.00,0.00,,0.00,0.20,0.20,1.00,5.00,0.00,0.00,0.00,0.00,,,0.20,0.30,1.5,0.20,,17.0,
416,Gabe Nabers\NabeGa00,LAC,RB,23,5,2,0.00,0.00,0.00,0.00,0.00,0.20,0.80,4.00,0.00,0.20,0.20,1.00,5.00,0.00,0.00,0.00,0.00,,,0.20,0.38,1.9,0.28,,22.8,
417,Gunner Olszewski\OlszGu00,NWE,WR,24,1,0,0.00,0.00,0.00,0.00,0.00,0.00,0.00,,0.00,1.00,1.00,11.0,11.00,0.00,0.00,0.00,0.00,,,1.00,2.10,2.1,1.60,,167.0,
418,Senorise Perry\PerrSe00,TEN,RB,29,2,0,0.00,0.00,0.00,0.00,0.00,1.00,4.50,4.50,0.00,0.00,0.00,0.00,,0.00,0.00,0.00,0.00,,,0.50,0.45,0.9,0.45,,57.5,
419,Joe Reed\ReedJo03,LAC,WR,22,3,0,0.00,0.00,0.00,0.00,0.00,0.33,2.67,8.00,0.00,0.00,0.00,0.00,,0.00,0.00,0.00,0.00,,,0.33,0.27,0.8,0.27,,56.7,
420,Theo Riddick\RiddTh00,LVR,RB,29,1,0,0.00,0.00,0.00,0.00,0.00,2.00,13.0,6.50,0.00,0.00,0.00,0.00,,0.00,0.00,0.00,0.00,,,1.00,1.30,1.3,1.30,,110.0,
421,Jaylen Samuels\SamuJa00,PIT,RB,24,4,0,0.00,0.00,0.00,0.00,0.00,0.50,0.75,1.50,0.00,0.75,0.50,1.25,2.50,0.00,0.00,0.00,0.00,,,0.25,0.70,2.8,0.45,,29.5,
422,Mohamed Sanu\SanuMo00,SFO,WR,31,3,0,0.00,0.00,0.00,0.00,0.00,0.00,0.00,,0.00,0.33,0.33,3.00,9.00,0.00,0.00,0.00,0.00,,,0.33,0.63,1.9,0.47,,56.3,
423,Trent Sherfield\SherTr00,ARI,WR,24,5,0,0.00,0.00,0.00,0.00,0.00,0.00,0.00,,0.00,0.20,0.20,1.20,6.00,0.00,0.00,0.00,0.00,,,0.20,0.32,1.6,0.22,,35.0,
424,Keith Smith\SmitKe03,ATL,RB,28,5,3,0.00,0.00,0.00,0.00,0.00,0.40,0.60,1.50,0.00,0.80,0.60,1.60,2.67,0.00,0.00,0.00,0.00,,,0.20,0.82,4.1,0.52,,22.4,
425,Diontae Spencer\SpenDi00,DEN,WR,28,4,0,0.00,0.00,0.00,0.00,0.00,0.00,0.00,,0.00,0.25,0.25,1.75,7.00,0.00,0.00,0.00,0.00,,,0.25,0.42,1.7,0.30,,43.0,
426,Luke Stocker\StocLu00,ATL,TE,32,5,3,0.00,0.00,0.00,0.00,0.00,0.00,0.00,,0.00,0.60,0.40,1.60,4.00,0.00,0.00,0.00,0.00,,,0.20,0.56,2.8,0.36,,16.4,
427,Darwin Thompson\ThomDa06,KAN,RB,24,5,0,0.00,0.00,0.00,0.00,0.00,1.20,6.40,5.33,0.00,0.60,0.00,0.00,,0.00,0.20,0.20,0.00,,,0.20,0.24,2.2,0.24,,22.2,
428,Levine Toilolo\ToilLe00,NYG,TE,29,5,1,0.00,0.00,0.00,0.00,0.00,0.00,0.00,,0.00,0.20,0.20,2.60,13.00,0.00,0.00,0.00,0.00,,,0.20,0.46,2.3,0.36,,15.0,
429,Trevon Wesco\WescTr00,NYJ,TE,25,5,1,0.00,0.00,0.00,0.00,0.00,0.20,0.00,0.00,0.00,0.20,0.20,1.00,5.00,0.00,0.00,0.00,0.00,,,0.20,0.30,1.5,0.20,,17.2,
430,Nick Westbrook-Ikhine\WestNi00,TEN,WR,23,3,0,0.00,0.00,0.00,0.00,0.00,0.00,0.00,,0.00,1.00,0.33,2.33,7.00,0.00,0.00,0.00,0.00,,,0.33,0.57,1.7,0.40,,57.0,
431,Deon Yelder\YeldDe00,KAN,TE,25,3,0,0.00,0.00,0.00,0.00,0.00,0.00,0.00,,0.00,0.33,0.33,1.67,5.00,0.00,0.00,0.00,0.00,,,0.33,0.50,1.5,0.33,,29.0,
432,Ameer Abdullah\AbduAm00,MIN,,27,5,0,0.00,0.00,0.00,0.00,0.00,0.00,0.00,,0.00,0.00,0.00,0.00,,0.00,0.00,0.00,0.00,,,,,,,,25.4,
433,Stephen Anderson\AndeSt01,LAC,,27,5,0,0.00,0.00,0.00,0.00,0.00,0.00,0.00,,0.00,0.00,0.00,0.00,,0.00,0.00,0.00,0.00,,,,,,,,19.2,
434,Antony Auclair\AuclAn00,TAM,,27,1,0,0.00,0.00,0.00,0.00,0.00,0.00,0.00,,0.00,0.00,0.00,0.00,,0.00,0.00,0.00,0.00,,,,,,,,94.0,
435,Kenjon Barner\BarnKe00,TAM,,30,2,0,0.00,0.00,0.00,0.00,0.00,0.00,0.00,,0.00,0.50,0.00,0.00,,0.00,0.00,0.00,0.00,,,,,,,,66.0,
436,Marcus Baugh\BaugMa02,WAS,TE,26,4,1,0.00,0.00,0.00,0.00,0.00,0.00,0.00,,0.00,0.25,0.25,0.50,2.00,0.00,0.00,0.00,0.00,,,,0.30,1.2,0.17,,22.3,
437,Evan Baylis\BaylEv00,ARI,,27,1,0,0.00,0.00,0.00,0.00,0.00,0.00,0.00,,0.00,0.00,0.00,0.00,,0.00,0.00,0.00,0.00,,,,,,,,106.0,
438,Andrew Beck\BeckAn01,DEN,,24,4,0,0.00,0.00,0.00,0.00,0.00,0.00,0.00,,0.00,0.00,0.00,0.00,,0.00,0.00,0.00,0.00,,,,,,,,26.3,
439,Tim Boyle\BoylTi00,GNB,QB,26,3,0,0.00,0.00,0.00,0.00,0.00,1.67,-1.33,-0.80,0.00,0.00,0.00,0.00,,0.00,0.00,0.00,0.00,,,,-0.13,-0.4,-0.13,,17.0,
440,Daniel Brown\BrowDa04,NYJ,,28,5,0,0.00,0.00,0.00,0.00,0.00,0.00,0.00,,0.00,0.00,0.00,0.00,,0.00,0.00,0.00,0.00,,,,,,,,19.6,
441,Pharaoh Brown\BrowPh01,HOU,TE,26,3,1,0.00,0.00,0.00,0.00,0.00,0.00,0.00,,0.00,0.33,0.33,1.33,4.00,0.00,0.00,0.00,0.00,,,,0.47,1.4,0.30,,29.3,
442,Deante Burton\BurtDe00,DAL,,26,1,0,0.00,0.00,0.00,0.00,0.00,0.00,0.00,,0.00,0.00,0.00,0.00,,0.00,0.00,0.00,0.00,,,,,,,,181.0,
443,Trenton Cannon\CannTr00,CAR,RB,26,3,0,0.00,0.00,0.00,0.00,0.00,0.67,-0.33,-0.50,0.00,0.00,0.00,0.00,,0.00,0.00,0.00,0.00,,,,-0.03,-0.1,-0.03,,46.0,
444,Austin Carr\CarrAu00,NOR,,27,1,0,0.00,0.00,0.00,0.00,0.00,0.00,0.00,,0.00,0.00,0.00,0.00,,0.00,0.00,0.00,0.00,,,,,,,,184.0,
445,Derek Carrier\CarrDe00,LVR,,30,5,0,0.00,0.00,0.00,0.00,0.00,0.00,0.00,,0.00,0.00,0.00,0.00,,0.00,0.00,0.00,0.00,,,,,,,,38.8,
446,Tyler Conklin\ConkTy00,MIN,,25,5,0,0.00,0.00,0.00,0.00,0.00,0.00,0.00,,0.00,0.00,0.00,0.00,,0.00,0.00,0.00,0.00,,,,,,,,20.4,
447,Jason Croom\CrooJa00,PHI,,26,1,0,0.00,0.00,0.00,0.00,0.00,0.00,0.00,,0.00,0.00,0.00,0.00,,0.00,0.00,0.00,0.00,,,,,,,,91.0,
448,Keelan Doss\DossKe00,LVR,,24,1,0,0.00,0.00,0.00,0.00,0.00,0.00,0.00,,0.00,0.00,0.00,0.00,,0.00,0.00,0.00,0.00,,,,,,,,192.0,
449,Trey Edmunds\EdmuTr00,PIT,,26,1,0,0.00,0.00,0.00,0.00,0.00,0.00,0.00,,0.00,0.00,0.00,0.00,,0.00,0.00,0.00,0.00,,,,,,,,128.0,
450,Ryan Finley\FinlRy00,CIN,,26,1,0,0.00,0.00,0.00,0.00,0.00,0.00,0.00,,0.00,0.00,0.00,0.00,,0.00,0.00,0.00,0.00,,,,,,,,50.0,
451,D.J. Foster\FostD.01,ARI,,27,2,0,0.00,0.00,0.00,0.00,0.00,0.00,0.00,,0.00,0.00,0.00,0.00,,0.00,0.00,0.00,0.00,,,,,,,,66.5,
452,Rico Gafford\GaffRi00,LVR,,24,2,0,0.00,0.00,0.00,0.00,0.00,0.00,0.00,,0.00,0.50,0.00,0.00,,0.00,0.00,0.00,0.00,,,,,,,,98.5,
453,C.J. Goodwin\GoodC.00,DAL,,30,5,0,0.00,0.00,0.00,0.00,0.00,0.00,0.00,,0.00,0.20,0.00,0.00,,0.00,0.00,0.00,0.00,,,,,,,,35.6,
454,Cyril Grayson\GrayCy01,TAM,,27,2,0,0.00,0.00,0.00,0.00,0.00,0.00,0.00,,0.00,0.50,0.00,0.00,,0.00,0.00,0.00,0.00,,,,,,,,91.0,
455,Garrett Griffin\GrifGa00,NOR,,26,2,1,0.00,0.00,0.00,0.00,0.00,0.00,0.00,,0.00,0.00,0.00,0.00,,0.00,0.00,0.00,0.00,,,,,,,,46.0,
456,Justin Hardee\HardJu01,NOR,,26,4,0,0.00,0.00,0.00,0.00,0.00,0.00,0.00,,0.00,0.00,0.00,0.00,,0.00,0.00,0.00,0.00,,,,,,,,45.0,
457,Clark Harris\HarrCl20,CIN,,36,5,0,0.00,0.00,0.00,0.00,0.00,0.00,0.00,,0.00,0.00,0.00,0.00,,0.00,0.00,0.00,0.00,,,,,,,,20.8,
458,Justice Hill\HillJu00,BAL,,23,1,0,0.00,0.00,0.00,0.00,0.00,0.00,0.00,,0.00,0.00,0.00,0.00,,0.00,0.00,0.00,0.00,,,,,,,,129.0,
459,Mack Hollins\HollMa00,MIA,,27,5,0,0.00,0.00,0.00,0.00,0.00,0.00,0.00,,0.00,0.00,0.00,0.00,,0.00,0.00,0.00,0.00,,,,,,,,39.6,
460,J.P. Holtz\HoltJ.01,CHI,,27,5,1,0.00,0.00,0.00,0.00,0.00,0.00,0.00,,0.00,0.00,0.00,0.00,,0.00,0.00,0.00,0.00,,,,,,,,20.0,
461,Johnny Holton\HoltJo00,NYG,,29,1,0,0.00,0.00,0.00,0.00,0.00,0.00,0.00,,0.00,0.00,0.00,0.00,,0.00,0.00,0.00,0.00,,,,,,,,190.0,
462,Buddy Howell\HoweGr00,HOU,,24,4,0,0.00,0.00,0.00,0.00,0.00,0.00,0.00,,0.00,0.00,0.00,0.00,,0.00,0.00,0.00,0.00,,,,,,,,32.5,
463,Jason Huntley\HuntJa01,PHI,RB,22,1,0,0.00,0.00,0.00,0.00,0.00,1.00,1.00,1.00,0.00,0.00,0.00,0.00,,0.00,0.00,0.00,0.00,,,,0.10,0.1,0.10,,126.0,
464,Richie James\JameRi00,SFO,,25,1,0,0.00,0.00,0.00,0.00,0.00,0.00,0.00,,0.00,0.00,0.00,0.00,,0.00,0.00,0.00,0.00,,,,,,,,185.0,
465,Ty Johnson\JohnTy02,DET,,23,2,0,0.00,0.00,0.00,0.00,0.00,0.00,0.00,,0.00,0.50,0.00,0.00,,0.00,0.00,0.00,0.00,,,,,,,,93.0,
466,Marcus Kemp\KempMa00,KAN,,25,4,0,0.00,0.00,0.00,0.00,0.00,0.00,0.00,,0.00,0.00,0.00,0.00,,0.00,0.00,0.00,0.00,,,,,,,,46.8,
467,Bruce Miller\MillBr02,JAX,RB,33,5,2,0.00,0.00,0.00,0.00,0.00,0.00,0.00,,0.00,0.40,0.20,0.40,2.00,0.00,0.00,0.00,0.00,,,,0.24,1.2,0.14,,24.6,
468,Jason Moore\MoorJa02,LAC,,25,1,0,0.00,0.00,0.00,0.00,0.00,0.00,0.00,,0.00,0.00,0.00,0.00,,0.00,0.00,0.00,0.00,,,,,,,,191.0,
469,Ryan Nall\NallRy00,CHI,RB,25,5,0,0.00,0.00,0.00,0.00,0.00,0.00,0.00,,0.00,0.20,0.20,0.40,2.00,0.00,0.00,0.00,0.00,,,,0.24,1.2,0.14,,24.8,
470,Jojo Natson\NatsJo00,CLE,WR,26,3,0,0.00,0.00,0.00,0.00,0.00,0.33,1.00,3.00,0.00,0.00,0.00,0.00,,0.00,0.00,0.00,0.00,,,,0.10,0.3,0.10,,59.0,
471,Dare Ogunbowale\OgunDa00,JAX,,26,4,0,0.00,0.00,0.00,0.00,0.00,0.00,0.00,,0.00,0.00,0.00,0.00,,0.00,0.00,0.00,0.00,,,,,,,,32.8,
472,Qadree Ollison\OlliQa00,ATL,,24,1,0,0.00,0.00,0.00,0.00,0.00,0.00,0.00,,0.00,0.00,0.00,0.00,,0.00,0.00,0.00,0.00,,,,,,,,135.0,
473,Elijhaa Penny\PennEl00,NYG,RB,27,5,0,0.00,0.00,0.00,0.00,0.00,0.20,0.60,3.00,0.00,0.00,0.00,0.00,,0.00,0.00,0.00,0.00,,,,0.06,0.3,0.06,,24.4,
474,Samaje Perine\PeriSa00,CIN,,25,5,0,0.00,0.00,0.00,0.00,0.00,0.00,0.00,,0.00,0.00,0.00,0.00,,0.00,0.00,0.00,0.00,,,,,,,,27.2,
475,Dante Pettis\PettDa00,SFO,,25,4,1,0.00,0.00,0.00,0.00,0.00,0.00,0.00,,0.00,0.25,0.00,0.00,,0.00,0.00,0.00,0.00,,,,,,,,48.3,
476,Troymaine Pope\PopeTr00,LAC,,27,1,0,0.00,0.00,0.00,0.00,0.00,0.00,0.00,,0.00,0.00,0.00,0.00,,0.00,0.00,0.00,0.00,,,,,,,,137.0,
477,C.J. Prosise\ProsC.00,HOU,RB,26,4,0,0.00,0.00,0.00,0.00,0.00,0.25,0.25,1.00,0.00,0.00,0.00,0.00,,0.00,0.00,0.00,0.00,,,,0.03,0.1,0.03,,31.3,
478,Andre Roberts\RobeAn00,BUF,WR,32,5,0,0.00,0.00,0.00,0.00,0.00,0.20,-0.60,-3.00,0.00,0.60,0.40,4.40,11.00,0.00,0.20,0.20,0.00,,,,0.38,2.9,0.18,,39.8,
479,Mason Schreck\SchrMa00,CIN,,27,3,0,0.00,0.00,0.00,0.00,0.00,0.00,0.00,,0.00,0.00,0.00,0.00,,0.00,0.00,0.00,0.00,,,,,,,,32.3,
480,Tajae Sharpe\SharTa00,MIN,,26,2,0,0.00,0.00,0.00,0.00,0.00,0.00,0.00,,0.00,0.50,0.00,0.00,,0.00,0.00,0.00,0.00,,,,,,,,94.0,
481,Matthew Slater\SlatMa00,NWE,,35,4,0,0.00,0.00,0.00,0.00,0.00,0.00,0.00,,0.00,0.00,0.00,0.00,,0.00,0.00,0.00,0.00,,,,,,,,45.8,
482,Jeremy Sprinkle\SpriJe00,WAS,,26,5,2,0.00,0.00,0.00,0.00,0.00,0.00,0.00,,0.00,0.20,0.00,0.00,,0.00,0.00,0.00,0.00,,,,,,,,21.4,
483,Chris Streveler\StreCh00,ARI,QB,25,3,0,0.00,0.00,0.00,0.00,0.00,0.33,1.00,3.00,0.00,0.00,0.00,0.00,,0.00,0.00,0.00,0.00,,,,0.10,0.3,0.10,,16.3,
484,Geoff Swaim\SwaiGe00,TEN,,27,1,1,0.00,0.00,0.00,0.00,0.00,0.00,0.00,,0.00,0.00,0.00,0.00,,0.00,0.00,0.00,0.00,,,,,,,,95.0,
485,Colin Thompson\ThomCo03,CAR,,27,4,0,0.00,0.00,0.00,0.00,0.00,0.00,0.00,,0.00,0.00,0.00,0.00,,0.00,0.00,0.00,0.00,,,,,,,,25.3,
486,Eric Tomlinson\TomlEr01,NYG,,28,1,0,0.00,0.00,0.00,0.00,0.00,0.00,0.00,,0.00,0.00,0.00,0.00,,0.00,0.00,0.00,0.00,,,,,,,,99.0,
487,Malik Turner\TurnMa00,DAL,,24,4,0,0.00,0.00,0.00,0.00,0.00,0.00,0.00,,0.00,0.00,0.00,0.00,,0.00,0.00,0.00,0.00,,,,,,,,47.3,
488,Nick Vannett\VannNi00,DEN,TE,27,3,1,0.00,0.00,0.00,0.00,0.00,0.00,0.00,,0.00,2.00,0.67,0.33,0.50,0.00,0.00,0.00,0.00,,,,0.70,2.1,0.37,,30.0,
489,Kahale Warring\WarrKa00,HOU,,23,1,0,0.00,0.00,0.00,0.00,0.00,0.00,0.00,,0.00,0.00,0.00,0.00,,0.00,0.00,0.00,0.00,,,,,,,,93.0,
490,Dwayne Washington\WashDw00,NOR,,26,3,0,0.00,0.00,0.00,0.00,0.00,0.00,0.00,,0.00,0.00,0.00,0.00,,0.00,0.00,0.00,0.00,,,,,,,,44.7,
491,Derek Watt\WattDe00,PIT,,28,3,0,0.00,0.00,0.00,0.00,0.00,0.00,0.00,,0.00,0.00,0.00,0.00,,0.00,0.00,0.00,0.00,,,,,,,,0.33,
492,Nsimba Webster\WebsNs00,LAR,,24,5,0,0.00,0.00,0.00,0.00,0.00,0.00,0.00,,0.00,0.00,0.00,0.00,,0.00,0.00,0.00,0.00,,,,,,,,39.0,
493,Dede Westbrook\WestDe00,JAX,WR,27,1,0,0.00,0.00,0.00,0.00,0.00,0.00,0.00,,0.00,1.00,1.00,4.00,4.00,0.00,0.00,0.00,0.00,,,,1.40,1.4,0.90,,176.0,
494,Kevin White\WhitKe00,SFO,,28,1,0,0.00,0.00,0.00,0.00,0.00,0.00,0.00,,0.00,0.00,0.00,0.00,,0.00,0.00,0.00,0.00,,,,,,,,196.0,
495,Luke Willson\WillLu00,SEA,,30,4,0,0.00,0.00,0.00,0.00,0.00,0.00,0.00,,0.00,0.00,0.00,0.00,,0.00,0.00,0.00,0.00,,,,,,,,25.8,
496,Maxx Williams\WillMa04,ARI,,26,1,0,0.00,0.00,0.00,0.00,0.00,0.00,0.00,,0.00,2.00,0.00,0.00,,0.00,0.00,0.00,0.00,,,,,,,,108.0,
497,Brandon Zylstra\ZylsBr00,CAR,,27,5,0,0.00,0.00,0.00,0.00,0.00,0.00,0.00,,0.00,0.00,0.00,0.00,,0.00,0.00,0.00,0.00,,,,,,,,35.8,
498,DeAndre Carter\CartDe02,HOU,WR,27,5,0,0.00,0.00,0.00,0.00,0.00,0.00,0.00,,0.00,0.40,0.20,1.60,8.00,0.00,0.20,0.20,0.00,,,-0.20,-0.04,0.8,-0.14,,40.2,
499,Keke Coutee\CoutKe00,HOU,WR,23,1,0,0.00,0.00,0.00,0.00,0.00,0.00,0.00,,0.00,2.00,2.00,11.0,5.50,0.00,1.00,1.00,0.00,,,-1.00,1.10,2.1,0.10,,200.0,
500,Adrian Killins\KillAd00,PHI,RB,22,1,0,0.00,0.00,0.00,0.00,0.00,1.00,-12.00,-12.00,0.00,1.00,1.00,2.00,2.00,0.00,0.00,0.00,0.00,,,-1.00,,,-0.50,,139.0,
501,Robert Griffin III\GrifRo01,BAL,QB,30,3,0,0.33,0.67,3.00,0.00,0.33,1.67,0.33,0.20,0.00,0.00,0.00,0.00,,0.00,0.00,0.00,0.00,,,-0.67,-0.50,-0.5,-0.17,,17.3,
